country,1951,1952,1953,1954,1955,1956,1957,1958,1959,1960,1961,1962,1963,1964,1965,1966,1967,1968,1969,1970,1971,1972,1973,1974,1975,1976,1977,1978,1979,1980,1981,1982,1983,1984,1985,1986,1987,1988,1989,1990,1991,1992,1993,1994,1995,1996,1997,1998,1999,2000,2001,2002,2003,2004,2005,2006,2007,2008,2009,2010,2011,2012,2013,2014,2015,2016
Afghanistan,27.13,27.67,28.19,28.73,29.27,29.8,30.34,30.86,31.4,31.94,32.47,33.01,33.53,34.07,34.6,35.13,35.66,36.17,36.69,37.2,37.7,38.19,38.67,39.14,39.61,40.07,40.53,40.98,41.46,41.96,42.51,43.11,43.75,44.45,45.21,46.02,46.87,47.74,48.62,49.5,49.3,49.4,49.5,48.9,49.4,49.7,49.5,48.6,50.0,50.1,50.4,51.0,51.4,51.8,52.0,52.1,52.4,52.8,53.3,53.6,54.0,54.4,54.8,54.9,53.8,52.72
Albania,54.72,55.23,55.85,56.59,57.45,58.42,59.48,60.6,61.75,62.87,63.92,64.84,65.6,66.18,66.59,66.88,67.11,67.32,67.55,67.83,68.16,68.53,68.93,69.35,69.77,70.17,70.54,70.86,71.14,71.39,71.63,71.88,72.15,72.42,72.71,72.96,73.14,73.25,73.3,73.3,73.4,73.6,73.6,73.6,73.7,73.8,74.1,74.2,74.2,74.7,75.1,75.5,75.7,75.9,76.2,76.4,76.6,76.8,77.0,77.2,77.4,77.5,77.7,77.9,78.0,78.1
Algeria,43.03,43.5,43.96,44.44,44.93,45.44,45.94,46.45,46.97,47.5,48.02,48.55,49.07,49.58,50.09,50.58,51.05,51.49,51.95,52.41,52.88,53.38,53.91,54.52,55.24,56.11,57.13,58.28,59.56,60.92,62.31,63.69,64.97,66.15,67.18,68.04,68.75,69.33,69.81,70.2,70.5,70.9,71.2,71.4,71.6,72.1,72.4,72.6,73.0,73.3,73.5,73.8,73.9,74.4,74.8,75.0,75.3,75.5,75.7,76.0,76.1,76.2,76.3,76.3,76.4,76.5
Angola,31.05,31.59,32.14,32.69,33.24,33.78,34.33,34.88,35.43,35.98,36.53,37.08,37.63,38.18,38.74,39.28,39.84,40.39,40.95,41.5,42.06,42.62,43.17,43.71,44.22,44.68,45.12,45.5,45.84,46.14,46.42,46.69,46.96,47.23,47.5,47.75,47.99,48.2,48.4,48.6,49.3,49.6,48.4,50.0,50.9,51.3,51.7,51.8,51.8,52.3,52.5,53.3,53.9,54.5,55.2,55.7,56.2,56.7,57.1,57.6,58.1,58.5,58.8,59.2,59.6,60.0
Antigua and Barbuda,58.26,58.8,59.34,59.87,60.41,60.93,61.45,61.97,62.48,62.97,63.46,63.93,64.38,64.81,65.23,65.63,66.03,66.41,66.81,67.19,67.56,67.94,68.3,68.64,68.99,69.32,69.64,69.96,70.28,70.59,70.9,71.22,71.52,71.82,72.13,72.42,72.7,72.97,73.24,73.5,73.6,73.5,73.4,73.4,73.5,73.5,73.9,74.1,74.0,73.8,74.1,74.3,74.5,74.6,74.9,74.9,75.3,75.5,75.7,75.8,75.9,76.1,76.2,76.3,76.4,76.5
Argentina,61.93,62.54,63.1,63.59,64.03,64.41,64.73,65.0,65.22,65.39,65.53,65.64,65.74,65.84,65.95,66.08,66.26,66.47,66.72,67.01,67.32,67.64,67.96,68.28,68.6,68.92,69.24,69.57,69.89,70.2,70.51,70.78,71.04,71.26,71.46,71.66,71.84,72.05,72.26,72.5,72.7,72.8,73.1,73.4,73.5,73.5,73.6,73.8,73.9,74.2,74.3,74.3,74.5,75.0,75.3,75.3,75.2,75.4,75.6,75.8,76.0,76.1,76.2,76.3,76.5,76.7
Armenia,62.67,63.13,63.6,64.07,64.54,65.0,65.45,65.92,66.39,66.86,67.33,67.82,68.3,68.78,69.26,69.74,70.22,70.67,71.1,71.47,71.79,72.02,72.19,72.28,72.33,72.38,72.44,72.53,72.63,72.72,72.73,72.64,72.43,72.1,71.7,71.24,70.82,70.46,70.22,70.1,69.7,68.8,68.3,68.6,69.1,69.4,70.0,70.5,70.8,71.3,71.4,71.6,71.5,71.8,71.8,71.7,72.3,72.3,72.6,73.0,73.5,73.9,74.3,74.5,74.7,74.9
Aruba,58.96,60.01,60.98,61.87,62.69,63.42,64.09,64.68,65.2,65.66,66.07,66.44,66.79,67.11,67.44,67.76,68.1,68.44,68.78,69.14,69.5,69.85,70.19,70.52,70.83,71.14,71.44,71.74,72.02,72.29,72.54,72.75,72.93,73.07,73.18,73.26,73.33,73.38,73.43,73.47,73.51,73.54,73.57,73.6,73.62,73.65,73.67,73.7,73.73,73.78,73.85,73.94,74.05,74.18,74.32,74.47,74.62,74.77,74.92,75.06,75.19,75.32,75.46,75.59,75.72,75.85
Australia,68.71,69.11,69.69,69.84,70.16,70.03,70.31,70.86,70.43,70.87,71.14,70.91,70.97,70.63,70.96,70.79,71.07,70.7,71.11,70.78,71.38,71.9,72.11,71.86,72.81,72.84,73.45,73.84,74.4,74.56,74.92,74.7,75.51,75.98,75.41,76.08,76.27,76.3,76.4,77.0,77.4,77.6,77.9,78.1,78.3,78.5,78.8,79.2,79.4,79.8,80.1,80.3,80.6,80.9,81.2,81.4,81.5,81.6,81.8,82.0,82.2,82.4,82.4,82.3,82.3,82.3
Austria,65.24,66.78,67.27,67.3,67.58,67.7,67.46,68.46,68.39,68.75,69.72,69.51,69.64,70.13,69.92,70.22,70.1,70.25,70.02,70.07,70.27,70.59,71.16,71.15,71.28,71.77,72.12,72.2,72.51,72.64,72.96,73.12,73.19,73.73,73.95,74.43,74.86,75.34,75.43,75.7,75.8,76.0,76.2,76.5,76.8,77.1,77.6,77.8,78.0,78.2,78.6,78.8,79.0,79.4,79.5,80.0,80.1,80.4,80.3,80.5,80.7,80.9,81.1,81.2,81.3,81.4
Azerbaijan,57.5,57.93,58.36,58.79,59.21,59.63,60.05,60.48,60.9,61.33,61.76,62.2,62.62,63.06,63.49,63.91,64.35,64.75,65.14,65.48,65.75,65.93,66.04,66.05,66.02,65.92,65.8,65.68,65.6,65.55,65.61,65.73,65.92,66.15,66.37,66.48,66.46,66.28,65.98,65.6,65.3,63.7,64.0,63.5,64.6,65.0,65.3,65.6,65.9,66.5,67.2,67.6,67.6,67.8,68.2,68.7,69.1,69.2,69.7,70.1,70.8,71.5,72.1,72.5,72.9,73.3
Bahamas,58.91,59.29,59.67,60.03,60.39,60.72,61.06,61.38,61.69,62.0,62.29,62.58,62.85,63.13,63.4,63.65,63.91,64.14,64.39,64.61,64.85,65.08,65.3,65.53,65.74,65.96,66.16,66.37,66.57,66.75,66.95,67.12,67.31,67.5,67.67,67.86,68.02,68.2,68.35,68.5,68.9,69.2,69.7,69.5,69.7,70.0,70.2,70.1,70.1,70.2,70.3,70.4,71.1,71.7,71.7,72.0,71.8,72.2,72.7,72.7,72.6,72.7,72.9,73.5,73.7,73.9
Bahrain,41.45,42.32,43.26,44.27,45.35,46.49,47.7,48.97,50.29,51.64,52.99,54.33,55.64,56.9,58.1,59.23,60.29,61.29,62.22,63.1,63.92,64.67,65.38,66.03,66.63,67.2,67.72,68.21,68.67,69.09,69.47,69.83,70.16,70.46,70.73,70.98,71.2,71.41,71.61,71.8,72.0,72.1,72.5,72.9,73.0,73.4,73.8,74.0,74.2,73.7,74.3,74.8,75.3,75.7,76.1,76.3,77.0,77.6,78.2,78.7,78.8,79.0,79.1,79.1,79.1,79.1
Bangladesh,42.58,42.87,43.19,43.54,43.91,44.3,44.73,45.19,45.68,46.2,46.73,47.28,47.81,48.29,48.6,48.63,48.37,47.83,47.09,46.31,45.74,45.52,45.77,46.49,47.58,48.92,50.27,51.47,52.44,53.18,53.72,54.15,54.57,55.0,55.47,55.96,56.46,56.94,57.42,57.9,56.4,59.7,60.5,61.2,61.6,62.4,63.2,63.9,64.6,64.9,65.4,65.8,66.3,66.8,67.1,67.5,67.7,68.3,68.6,68.8,69.3,69.4,69.8,70.1,70.4,70.7
Barbados,56.82,57.41,57.99,58.56,59.13,59.67,60.22,60.76,61.28,61.8,62.31,62.79,63.27,63.74,64.2,64.64,65.08,65.5,65.91,66.31,66.71,67.09,67.47,67.83,68.17,68.53,68.87,69.22,69.57,69.91,70.25,70.58,70.91,71.23,71.54,71.85,72.14,72.43,72.72,73.0,73.2,73.2,73.1,73.0,73.3,73.7,73.9,74.1,74.2,74.0,74.4,74.6,74.8,74.9,75.0,75.0,75.1,75.3,75.3,75.2,75.2,75.4,75.5,75.6,75.7,75.8
Belarus,65.11,65.54,65.96,66.37,66.77,67.16,67.52,67.88,68.82,71.59,72.3,71.01,71.66,73.17,72.7,73.05,72.78,72.88,72.47,71.94,72.56,72.26,72.29,72.57,71.63,71.46,71.39,71.23,70.82,70.57,70.84,70.95,70.73,70.09,70.28,71.66,71.55,71.28,71.05,70.5,70.1,69.6,68.9,68.6,68.2,68.1,68.0,67.9,67.7,68.1,68.0,67.9,68.2,68.5,68.7,69.1,69.7,70.0,70.1,70.2,70.3,70.4,70.6,70.7,71.0,71.3
Belgium,66.77,67.97,68.33,68.59,68.54,68.83,69.19,69.88,70.28,69.59,70.46,70.19,70.0,70.66,70.51,70.58,70.86,70.55,70.63,70.89,71.01,71.35,71.56,71.91,71.9,72.05,72.7,72.64,73.13,73.18,73.59,73.81,73.81,74.31,74.41,74.61,75.22,75.53,75.59,76.0,76.2,76.3,76.5,76.6,76.9,77.2,77.4,77.5,77.7,77.8,78.0,78.2,78.5,79.0,79.1,79.5,79.5,79.6,79.8,80.1,80.2,80.3,80.4,80.5,80.5,80.5
Belize,55.15,55.7,56.27,56.82,57.37,57.91,58.46,58.99,59.54,60.08,60.64,61.2,61.78,62.36,62.95,63.53,64.11,64.67,65.21,65.72,66.21,66.66,67.11,67.52,67.93,68.32,68.7,69.06,69.43,69.78,70.13,70.47,70.8,71.09,71.34,71.51,71.6,71.61,71.54,71.4,71.2,71.1,70.8,70.6,70.5,70.4,69.7,69.5,69.3,69.0,68.8,69.3,69.6,69.9,70.0,70.3,70.6,70.7,70.9,71.2,71.2,71.3,71.3,71.5,71.7,71.9
Benin,33.53,34.09,34.64,35.19,35.72,36.25,36.77,37.28,37.79,38.29,38.8,39.32,39.85,40.38,40.93,41.5,42.09,42.69,43.31,43.93,44.55,45.16,45.77,46.36,46.93,47.46,47.96,48.43,48.88,49.34,49.84,50.38,50.97,51.62,52.33,53.09,53.89,54.67,55.42,56.1,56.3,56.6,56.9,56.8,56.7,56.6,56.9,57.0,57.1,57.2,57.4,57.7,57.9,58.2,58.6,58.9,59.2,59.7,60.4,60.8,61.1,61.4,61.7,62.0,62.3,62.6
Bhutan,30.94,31.47,32.01,32.56,33.12,33.68,34.25,34.81,35.38,35.94,36.49,37.04,37.57,38.12,38.68,39.28,39.94,40.66,41.45,42.31,43.23,44.2,45.18,46.2,47.21,48.22,49.22,50.21,51.18,52.12,53.05,53.96,54.87,55.78,56.69,57.61,58.54,59.48,60.44,61.4,61.9,62.4,62.8,63.1,63.8,64.7,65.1,65.6,66.5,65.9,67.5,68.1,68.5,68.9,69.3,69.8,70.3,70.7,70.9,71.4,71.7,71.9,72.2,72.4,72.7,73.0
Bolivia,40.6,40.94,41.28,41.64,41.98,42.34,42.7,43.05,43.41,43.77,44.14,44.5,44.88,45.24,45.62,45.99,46.34,46.69,47.05,47.44,47.86,48.34,48.89,49.5,50.19,50.93,51.73,52.54,53.38,54.21,55.04,55.87,56.67,57.47,58.22,58.96,59.65,60.33,60.98,61.6,62.2,62.7,63.2,63.8,64.4,65.1,65.6,66.3,66.9,67.6,68.3,68.7,69.3,69.8,70.2,70.6,70.9,71.2,71.6,71.8,72.1,72.4,72.7,72.9,73.2,73.5
Bosnia and Herzegovina,53.22,54.49,55.7,56.85,57.94,58.97,59.95,60.87,61.74,62.56,63.34,64.07,64.78,65.46,66.14,66.81,67.47,68.14,68.82,69.49,70.17,70.84,71.49,72.12,72.71,73.24,73.71,74.12,74.48,74.82,75.2,75.65,76.15,76.63,76.95,76.89,76.37,75.39,74.07,72.7,72.7,68.0,68.3,71.1,67.0,73.8,74.4,74.8,75.3,75.7,76.2,76.4,76.7,76.9,77.0,77.1,77.3,77.5,77.7,77.9,78.2,78.4,78.6,78.7,78.9,79.1
Botswana,46.87,47.27,47.66,48.05,48.45,48.84,49.23,49.61,49.99,50.34,50.7,51.02,51.35,51.67,52.0,52.36,52.77,53.23,53.73,54.3,54.9,55.54,56.18,56.82,57.45,58.07,58.65,59.21,59.74,60.24,60.73,61.21,61.67,62.08,62.44,62.7,62.85,62.85,62.69,62.3,62.0,61.2,60.1,58.6,56.8,54.8,52.9,50.9,49.2,47.6,46.5,45.6,45.7,46.9,49.3,51.2,52.4,53.2,54.3,55.6,56.5,56.5,56.9,57.3,58.7,60.13
Brazil,50.59,51.1,51.62,52.14,52.66,53.19,53.71,54.23,54.75,55.27,55.78,56.27,56.75,57.21,57.66,58.07,58.49,58.91,59.31,59.73,60.14,60.56,60.98,61.41,61.84,62.27,62.68,63.07,63.45,63.81,64.18,64.55,64.94,65.34,65.76,66.18,66.6,67.04,67.47,67.9,68.1,68.3,68.5,68.8,69.0,69.3,69.6,69.9,70.3,70.7,71.1,71.4,71.7,72.0,72.4,72.7,73.0,73.2,73.4,73.6,73.8,74.0,74.1,74.3,74.4,74.5
Brunei,56.99,57.6,58.22,58.83,59.45,60.07,60.7,61.31,61.93,62.52,63.11,63.67,64.21,64.72,65.21,65.67,66.12,66.54,66.97,67.38,67.79,68.19,68.58,68.95,69.32,69.67,70.01,70.33,70.65,70.95,71.25,71.54,71.84,72.12,72.41,72.69,72.98,73.26,73.54,73.8,73.8,74.0,74.2,74.4,74.7,74.9,75.2,75.6,75.8,75.9,76.1,76.3,76.5,76.7,76.7,76.8,76.8,76.9,77.0,77.1,76.9,76.9,76.9,77.1,77.1,77.1
Bulgaria,60.65,59.62,64.16,64.43,64.84,65.24,66.64,68.74,66.6,69.22,70.26,69.55,70.38,71.18,71.35,71.28,70.47,71.3,70.48,71.32,70.93,70.96,71.4,71.26,71.11,71.44,70.88,71.24,71.34,71.17,71.56,71.16,71.33,71.43,71.15,71.63,71.42,71.49,71.55,71.4,71.3,71.2,71.1,70.9,71.0,70.9,70.6,71.0,71.4,71.6,71.8,72.1,72.3,72.5,72.6,72.7,72.9,73.2,73.5,73.7,74.2,74.5,74.6,74.7,74.8,74.9
Burkina Faso,30.65,31.18,31.69,32.21,32.72,33.21,33.71,34.21,34.71,35.21,35.72,36.23,36.75,37.27,37.8,38.3,38.8,39.3,39.78,40.27,40.75,41.25,41.78,42.36,43.0,43.74,44.61,45.56,46.58,47.61,48.58,49.45,50.17,50.71,51.08,51.28,51.38,51.42,51.42,51.4,51.4,51.3,51.3,51.3,51.3,51.5,51.6,51.8,52.2,52.6,53.2,53.8,54.5,55.1,55.9,56.6,57.4,58.0,58.5,59.0,59.5,59.9,60.3,60.6,60.9,61.2
Burundi,38.19,38.45,38.72,38.98,39.25,39.51,39.77,40.04,40.3,40.58,40.85,41.13,41.41,41.69,41.95,42.18,42.37,42.52,42.65,42.76,42.91,43.1,43.35,43.66,44.02,44.43,44.84,45.24,45.6,45.93,46.22,46.49,46.75,46.95,47.08,47.05,46.88,46.54,46.1,45.6,45.4,45.3,45.1,45.0,44.5,44.3,45.0,45.5,46.3,46.7,48.4,49.8,51.3,53.0,54.7,56.4,57.9,59.1,60.0,60.4,60.8,61.1,61.3,61.4,61.4,61.4
Cambodia,40.5,40.81,41.08,41.32,41.52,41.7,41.86,41.99,42.14,42.29,42.47,42.7,42.95,43.2,43.45,43.73,44.0,44.13,44.03,43.28,41.67,39.73,37.58,34.94,21.69,19.04,18.1,19.55,21.91,28.16,38.0,44.24,49.43,53.22,55.5,56.49,56.82,56.99,57.22,57.6,57.9,58.2,58.1,58.0,58.1,58.3,58.7,59.0,59.5,60.0,60.8,61.6,62.4,63.2,64.0,64.8,65.4,66.1,66.6,67.0,67.6,68.2,68.7,69.1,69.4,69.7
Cameroon,39.08,39.51,39.94,40.41,40.87,41.37,41.88,42.39,42.93,43.46,44.0,44.53,45.07,45.59,46.13,46.67,47.22,47.79,48.37,48.97,49.59,50.22,50.85,51.49,52.13,52.74,53.36,53.95,54.52,55.06,55.56,56.03,56.45,56.83,57.17,57.48,57.75,58.01,58.22,58.4,58.2,57.9,57.4,57.0,56.5,56.2,55.5,55.0,54.7,54.3,54.2,54.2,54.3,54.4,54.9,55.4,55.7,56.6,57.3,57.8,58.1,58.5,59.0,59.1,59.4,59.7
Canada,68.53,68.72,69.1,69.96,70.02,70.0,69.92,70.58,70.62,71.0,71.22,71.25,71.26,71.64,71.74,71.86,72.07,72.23,72.39,72.58,72.91,72.81,73.04,73.12,73.41,73.84,74.13,74.46,74.81,75.05,75.46,75.67,76.04,76.33,76.31,76.46,76.76,76.82,77.09,77.4,77.6,77.7,77.8,77.9,78.0,78.3,78.6,78.8,79.0,79.2,79.5,79.6,79.8,80.1,80.2,80.5,80.6,80.8,81.1,81.3,81.6,81.6,81.6,81.7,81.7,81.7
Cape Verde,48.45,48.63,48.81,49.0,49.19,49.38,49.57,49.76,49.95,50.12,50.27,50.43,50.59,50.77,51.0,51.32,51.75,52.32,53.0,53.78,54.65,55.57,56.5,57.41,58.3,59.16,60.0,60.82,61.62,62.41,63.19,63.95,64.69,65.43,66.12,66.75,67.33,67.85,68.3,68.7,68.6,68.6,68.4,68.3,68.3,68.2,68.2,68.2,68.2,68.4,68.6,68.7,68.9,69.1,69.3,69.6,69.6,70.4,70.7,71.1,71.4,71.9,72.3,72.7,72.9,73.1
Central African Republic,33.34,33.79,34.26,34.72,35.18,35.62,36.07,36.53,36.97,37.43,37.89,38.36,38.85,39.36,39.92,40.5,41.15,41.84,42.57,43.36,44.19,45.04,45.91,46.77,47.6,48.36,49.07,49.7,50.21,50.61,50.86,50.96,50.95,50.81,50.57,50.21,49.8,49.34,48.86,48.4,48.1,48.0,47.5,47.2,46.7,46.3,45.9,45.7,45.5,45.3,45.2,45.2,45.2,45.4,45.5,45.8,46.2,46.8,47.6,47.9,48.1,48.5,47.8,48.2,49.6,51.04
Chad,37.29,37.69,38.09,38.49,38.9,39.31,39.72,40.14,40.54,40.95,41.35,41.76,42.17,42.58,43.01,43.48,43.98,44.54,45.12,45.72,46.33,46.91,47.47,47.98,48.45,48.89,49.31,49.72,50.14,50.56,50.97,51.38,51.78,52.15,52.51,52.81,53.09,53.33,53.52,53.7,54.3,53.9,54.0,53.6,53.6,53.0,52.5,52.1,51.7,51.5,51.7,51.9,52.1,52.6,53.0,53.1,54.0,54.3,55.2,55.8,56.1,56.3,56.6,56.8,57.4,58.01
Channel Islands,68.71,69.09,69.43,69.72,69.97,70.19,70.37,70.52,70.64,70.74,70.83,70.93,71.03,71.14,71.27,71.39,71.51,71.62,71.73,71.82,71.92,72.02,72.13,72.26,72.41,72.58,72.77,72.98,73.21,73.44,73.67,73.89,74.1,74.3,74.49,74.68,74.87,75.07,75.29,75.51,75.73,75.94,76.14,76.34,76.53,76.72,76.92,77.14,77.37,77.61,77.87,78.14,78.41,78.67,78.93,79.16,79.38,79.57,79.75,79.9,80.05,80.19,80.32,80.47,80.61,80.75
Chile,54.35,54.56,54.79,55.03,55.29,55.57,55.86,56.16,56.5,56.85,57.23,57.63,58.07,58.54,59.03,59.54,60.07,60.61,61.17,61.74,62.34,62.98,63.63,64.31,65.02,65.75,66.5,67.25,67.99,68.7,69.36,69.97,70.51,71.0,71.42,71.8,72.14,72.47,72.79,73.1,74.1,75.0,75.2,75.3,75.4,75.7,76.2,76.6,76.9,77.3,77.4,77.7,77.8,78.0,78.2,78.2,78.3,78.5,78.5,78.5,78.9,79.1,79.1,79.2,79.4,79.6
China,41.98,42.91,43.85,45.7,47.2,49.57,49.62,49.17,37.36,30.53,32.95,43.29,50.64,52.0,54.28,55.37,56.9,57.87,59.38,61.0,62.04,61.36,60.97,60.63,60.78,60.46,61.94,62.15,62.95,63.92,64.2,65.28,65.49,65.68,65.87,66.05,66.23,66.39,66.56,66.7,67.0,67.2,67.5,67.9,68.4,68.8,69.1,69.4,69.6,69.8,70.0,70.2,70.9,71.4,71.9,72.6,73.1,73.4,73.9,74.3,74.9,75.3,75.7,75.9,76.2,76.5
Colombia,49.7,50.93,52.08,53.16,54.15,55.07,55.91,56.69,57.39,58.03,58.63,59.18,59.71,60.21,60.7,61.16,61.6,62.03,62.43,62.83,63.23,63.64,64.08,64.53,65.04,65.58,66.17,66.79,67.43,68.07,68.67,69.24,69.72,70.13,70.48,70.74,70.96,71.14,71.32,71.5,71.1,71.1,71.4,71.6,72.0,72.2,72.8,73.1,73.2,73.3,73.5,73.7,74.5,74.7,75.1,75.3,75.9,76.2,76.2,76.4,77.0,77.3,77.5,77.8,78.0,78.2
Comoros,40.58,40.91,41.25,41.61,41.99,42.38,42.78,43.19,43.61,44.04,44.47,44.89,45.32,45.75,46.18,46.63,47.1,47.58,48.09,48.61,49.12,49.63,50.12,50.59,51.03,51.46,51.89,52.3,52.72,53.15,53.59,54.03,54.48,54.93,55.36,55.77,56.15,56.5,56.81,57.1,57.4,57.8,58.2,58.5,58.9,58.4,59.4,60.0,61.4,62.1,63.0,63.8,64.8,65.5,66.0,66.3,66.6,67.1,66.7,67.7,67.2,67.6,67.8,68.0,68.1,68.2
"Congo, Dem. Rep.",40.07,40.58,41.06,41.53,41.97,42.39,42.79,43.17,43.54,43.9,44.25,44.61,44.98,45.36,45.77,46.2,46.66,47.14,47.63,48.13,48.6,49.05,49.46,49.83,50.17,50.49,50.8,51.11,51.43,51.76,52.09,52.41,52.72,53.0,53.28,53.55,53.81,54.07,54.31,54.5,54.4,54.3,54.3,54.3,54.0,51.8,53.2,53.5,54.0,54.3,54.5,54.7,54.9,55.9,56.4,56.8,57.1,57.5,57.9,58.4,58.8,59.1,59.6,60.1,60.8,61.51
"Congo, Rep.",41.81,42.56,43.32,44.05,44.78,45.5,46.21,46.92,47.6,48.25,48.88,49.47,50.04,50.55,51.02,51.45,51.84,52.21,52.54,52.85,53.14,53.42,53.69,53.94,54.2,54.45,54.71,54.97,55.22,55.45,55.65,55.81,55.93,55.98,55.94,55.79,55.54,55.21,54.78,54.3,54.4,54.4,53.5,53.2,52.6,52.2,46.3,49.9,51.6,52.5,53.5,54.3,55.0,55.8,56.7,57.8,58.3,58.8,59.8,60.4,60.9,61.3,61.5,61.5,61.5,61.5
Costa Rica,56.6,57.19,57.79,58.38,58.98,59.57,60.17,60.77,61.37,61.97,62.56,63.13,63.7,64.26,64.8,65.33,65.85,66.35,66.84,67.34,67.86,68.4,68.95,69.53,70.12,70.75,71.38,72.0,72.62,73.2,73.73,74.22,74.66,75.04,75.37,75.66,75.9,76.14,76.37,76.6,76.5,76.6,76.6,76.7,76.8,76.8,77.0,77.2,77.5,77.7,78.0,78.2,78.4,78.7,79.0,79.3,79.6,79.8,79.8,79.8,79.9,80.0,80.1,80.2,80.3,80.4
Cote d'Ivoire,32.0,32.54,33.1,33.71,34.36,35.03,35.75,36.49,37.24,38.0,38.74,39.46,40.17,40.84,41.51,42.21,42.93,43.7,44.53,45.38,46.27,47.15,48.02,48.85,49.63,50.37,51.06,51.7,52.31,52.87,53.38,53.87,54.31,54.69,55.02,55.26,55.43,55.5,55.46,55.3,54.9,54.4,53.7,53.2,52.5,52.3,52.3,52.2,52.2,52.0,52.1,52.3,52.6,52.8,53.4,54.1,54.9,55.4,56.0,56.6,57.0,57.5,58.1,58.5,59.1,59.71
Croatia,60.57,61.08,61.6,62.1,62.58,63.06,63.52,63.98,64.41,64.85,65.26,65.66,66.05,66.43,66.8,67.16,67.52,67.87,68.22,68.54,68.86,69.14,69.4,69.63,69.83,70.0,70.16,70.3,70.42,70.56,70.71,70.89,71.08,71.31,71.54,71.78,72.0,72.22,72.4,72.6,71.9,72.3,72.9,73.4,73.0,73.4,73.4,73.5,73.8,74.2,74.6,74.9,75.1,75.3,75.7,75.9,76.0,76.2,76.4,76.7,77.1,77.4,77.6,77.8,77.8,77.8
Cuba,58.53,59.12,59.71,60.29,60.89,61.48,62.07,62.66,63.25,63.85,64.47,65.09,65.71,66.35,66.99,67.6,68.2,68.78,69.32,69.84,70.34,70.82,71.29,71.74,72.18,72.59,72.96,73.3,73.59,73.84,74.05,74.22,74.36,74.48,74.57,74.62,74.65,74.67,74.67,74.7,74.8,74.7,74.7,74.8,75.0,75.2,75.4,75.6,75.8,76.2,76.4,76.8,76.9,77.0,77.1,77.3,77.5,77.6,77.7,77.8,77.9,78.0,78.0,78.1,78.2,78.3
Cyprus,66.13,66.58,67.03,67.45,67.87,68.26,68.65,69.01,69.38,69.72,70.06,70.38,70.71,71.02,71.33,71.62,71.92,72.19,72.47,72.73,72.99,73.23,73.47,73.7,73.93,74.15,74.37,74.58,74.79,74.99,75.19,75.38,75.58,75.76,75.95,76.12,76.3,76.47,76.64,76.8,76.4,76.7,76.8,76.4,76.7,77.1,77.1,77.1,77.5,77.7,78.5,78.7,79.0,79.1,79.0,79.5,79.8,80.0,80.3,80.6,81.1,81.5,81.7,81.7,81.8,81.9
Czech Republic,65.32,66.94,67.64,68.14,69.06,69.47,69.14,70.05,70.04,70.58,70.77,70.04,70.56,70.73,70.43,70.65,70.55,70.11,69.62,69.72,69.96,70.49,70.33,70.42,70.77,70.88,70.94,71.02,71.13,70.67,71.11,71.22,71.0,71.26,71.48,71.42,71.87,72.08,72.13,71.8,72.0,72.3,72.7,73.0,73.4,73.8,74.2,74.5,74.7,75.0,75.3,75.4,75.6,75.9,76.2,76.5,76.8,77.1,77.3,77.5,77.8,78.1,78.3,78.6,78.8,79.0
Denmark,70.97,70.82,71.2,71.4,71.97,72.11,71.87,72.3,72.29,72.28,72.55,72.43,72.52,72.61,72.49,72.57,73.06,73.27,73.36,73.49,73.55,73.59,73.83,73.96,74.24,73.91,74.82,74.59,74.41,74.3,74.44,74.78,74.65,74.81,74.68,74.86,74.97,75.06,75.1,75.1,75.4,75.4,75.4,75.4,75.6,75.9,76.2,76.7,76.3,77.1,77.2,77.2,77.6,77.8,78.3,78.3,78.4,78.9,79.1,79.4,79.9,80.3,80.3,80.3,80.4,80.5
Djibouti,41.48,41.89,42.31,42.77,43.23,43.71,44.21,44.73,45.24,45.77,46.28,46.79,47.3,47.8,48.33,48.9,49.53,50.23,50.99,51.75,52.51,53.2,53.83,54.38,54.85,55.29,55.71,56.15,56.61,57.1,57.59,58.08,58.55,58.97,59.38,59.74,60.09,60.42,60.72,61.0,60.7,60.4,60.7,60.0,60.4,60.3,60.1,60.0,59.9,60.0,60.1,60.2,60.3,60.4,60.7,60.7,61.5,61.8,62.1,62.3,62.5,62.8,63.1,63.1,63.8,64.51
Dominican Republic,45.6,46.5,47.39,48.27,49.15,50.01,50.87,51.71,52.54,53.37,54.17,54.97,55.75,56.52,57.28,58.02,58.75,59.47,60.16,60.83,61.47,62.09,62.67,63.23,63.75,64.25,64.73,65.19,65.65,66.12,66.6,67.11,67.63,68.18,68.75,69.34,69.96,70.58,71.2,71.8,72.2,72.5,72.5,72.5,72.6,72.6,72.9,72.9,73.2,73.3,73.4,73.5,73.5,73.1,73.3,73.5,73.7,74.1,74.3,74.4,74.6,74.7,74.9,75.1,75.3,75.5
Ecuador,48.06,48.64,49.23,49.87,50.54,51.23,51.93,52.65,53.38,54.09,54.77,55.42,56.01,56.53,57.02,57.47,57.89,58.32,58.76,59.21,59.67,60.16,60.67,61.18,61.73,62.3,62.9,63.51,64.16,64.82,65.49,66.17,66.85,67.53,68.18,68.83,69.46,70.06,70.64,71.2,71.4,71.7,71.8,72.2,72.3,72.5,72.7,72.8,73.1,73.2,73.4,73.6,73.7,73.9,74.1,74.3,74.5,74.7,74.9,75.1,75.3,75.5,75.6,75.8,75.9,76.0
Egypt,39.32,40.72,42.03,43.22,44.3,45.29,46.17,46.97,47.68,48.31,48.89,49.43,49.94,50.42,50.88,51.29,51.65,51.97,52.25,52.54,52.88,53.31,53.84,54.46,55.17,55.93,56.69,57.45,58.16,58.85,59.52,60.21,60.93,61.65,62.38,63.07,63.7,64.27,64.76,65.2,65.4,66.1,66.4,66.7,67.4,67.9,68.2,68.6,69.0,69.7,69.7,69.8,69.8,69.9,70.1,70.1,70.3,70.2,70.1,70.1,70.4,70.5,71.0,71.3,71.5,71.7
El Salvador,44.11,45.06,45.99,46.9,47.8,48.68,49.55,50.39,51.22,52.02,52.77,53.5,54.18,54.81,55.4,55.93,56.41,56.84,57.24,57.57,57.85,58.07,58.22,58.33,58.36,58.33,58.22,58.09,57.98,57.96,58.13,58.53,59.19,60.11,61.24,62.54,63.91,65.28,66.55,67.7,68.1,68.9,69.3,69.6,70.0,70.3,70.8,71.0,71.6,71.9,71.7,72.5,72.6,72.8,73.0,73.3,73.5,73.7,73.8,74.1,74.3,74.5,74.6,74.8,74.9,75.0
Equatorial Guinea,34.55,34.9,35.25,35.59,35.95,36.3,36.65,36.99,37.34,37.69,38.04,38.38,38.73,39.08,39.44,39.78,40.13,40.48,40.82,41.17,41.52,41.87,42.21,42.56,42.91,43.28,43.65,44.04,44.44,44.85,45.26,45.69,46.11,46.52,46.92,47.33,47.73,48.14,48.52,48.9,48.7,48.7,48.6,48.5,48.5,48.9,50.3,51.2,52.0,52.9,54.0,54.9,55.3,55.9,56.0,56.8,57.1,57.5,58.0,58.6,58.7,59.4,60.5,61.0,61.0,61.0
Eritrea,36.47,36.75,37.02,37.29,37.58,37.86,38.14,38.42,38.73,39.03,39.35,39.69,40.04,40.41,40.81,41.22,41.66,42.1,42.56,43.02,43.47,43.92,44.35,44.75,45.14,45.49,45.8,46.09,46.38,46.66,46.97,47.33,47.74,48.21,48.77,49.38,50.06,50.8,51.58,52.4,53.4,54.9,56.2,57.0,57.8,58.4,59.0,58.8,52.2,37.6,59.9,60.0,59.9,60.0,59.9,60.0,60.1,60.1,60.1,60.1,60.2,60.3,60.4,60.6,60.7,60.8
Estonia,59.91,61.13,63.7,65.05,65.73,67.36,67.84,68.29,68.72,69.42,69.74,69.93,69.99,70.74,70.81,70.78,71.08,70.7,70.4,70.51,70.71,70.48,70.83,70.94,70.26,69.88,70.01,69.87,69.66,69.75,69.62,70.03,69.95,69.83,69.97,71.11,71.13,71.17,70.73,70.1,69.6,69.3,68.2,66.3,67.7,69.8,70.0,69.5,70.2,70.4,70.0,70.9,71.5,72.0,72.5,72.9,73.0,74.2,74.9,76.4,76.3,76.7,77.5,77.6,77.8,78.0
Ethiopia,33.09,33.41,33.8,34.23,34.72,35.25,32.41,30.37,37.08,37.72,38.35,38.94,39.49,39.36,38.13,39.09,41.09,41.38,41.65,41.9,42.14,41.98,39.85,37.71,38.78,42.86,42.41,42.07,42.74,42.8,42.87,42.93,42.5,39.46,35.43,41.39,43.95,44.4,44.82,45.2,46.9,47.8,48.4,48.8,49.2,50.0,50.6,51.1,50.6,52.1,52.7,53.6,54.3,55.2,56.1,57.2,58.6,60.0,61.2,62.1,62.9,63.6,64.2,64.7,65.2,65.7
Fiji,51.3,51.85,52.38,52.9,53.4,53.89,54.36,54.81,55.26,55.7,56.12,56.54,56.94,57.35,57.75,58.14,58.52,58.89,59.26,59.61,59.96,60.29,60.6,60.91,61.21,61.5,61.8,62.09,62.37,62.65,62.92,63.2,63.46,63.71,63.96,64.2,64.43,64.66,64.88,65.1,65.1,65.0,64.8,64.7,64.5,64.3,64.1,64.2,64.1,64.2,64.4,64.5,64.6,64.7,64.8,64.8,64.9,64.9,64.9,65.2,65.3,65.4,65.6,65.7,65.8,65.9
Finland,65.68,66.56,66.63,67.59,67.39,68.01,67.51,68.65,68.83,69.03,69.07,68.78,69.19,69.4,69.16,69.68,69.86,69.82,69.7,70.4,70.22,70.91,71.42,71.34,71.89,72.04,72.56,73.13,73.42,73.71,74.03,74.6,74.51,74.82,74.49,74.86,74.89,74.85,75.07,75.1,75.4,75.7,76.0,76.4,76.7,76.8,77.1,77.3,77.5,77.8,78.1,78.3,78.5,78.8,79.0,79.2,79.4,79.6,79.8,80.0,80.3,80.5,80.8,80.9,80.9,80.9
France,66.17,67.46,67.4,68.27,68.54,68.57,69.0,70.24,70.27,70.49,71.07,70.61,70.46,71.43,71.26,71.67,71.67,71.66,71.4,72.29,72.27,72.52,72.69,73.04,73.13,73.38,73.99,74.12,74.43,74.53,74.69,75.07,75.06,75.56,75.67,75.95,76.55,76.78,76.91,77.2,77.3,77.6,77.7,78.0,78.2,78.4,78.7,78.7,78.8,79.1,79.2,79.4,79.6,80.2,80.4,80.7,81.0,81.1,81.2,81.4,81.6,81.6,81.7,81.7,81.8,81.9
French Guiana,52.52,53.05,53.58,54.12,54.67,55.22,55.78,56.37,57.0,57.68,58.44,59.28,60.19,61.14,62.1,63.0,63.8,64.46,64.97,65.34,65.57,65.71,65.81,65.91,66.04,66.24,66.51,66.87,67.3,67.79,68.31,68.83,69.33,69.79,70.2,70.57,70.92,71.27,71.6,71.94,72.27,72.61,72.93,73.25,73.56,73.84,74.1,74.34,74.55,74.75,74.92,75.07,75.21,75.35,75.5,75.65,75.82,76.01,76.21,76.43,76.65,76.89,77.12,77.35,77.58,77.81
French Polynesia,46.52,48.28,49.86,51.27,52.5,53.55,54.44,55.18,55.78,56.28,56.71,57.09,57.47,57.85,58.24,58.65,59.06,59.45,59.83,60.18,60.52,60.84,61.15,61.47,61.82,62.23,62.72,63.28,63.9,64.56,65.22,65.84,66.39,66.87,67.27,67.59,67.88,68.15,68.42,68.7,69.01,69.33,69.68,70.05,70.43,70.82,71.21,71.59,71.96,72.31,72.67,73.03,73.4,73.77,74.13,74.48,74.81,75.11,75.38,75.62,75.84,76.05,76.26,76.47,76.69,76.91
Gabon,35.84,36.34,36.8,37.19,37.54,37.83,38.1,38.33,38.56,38.83,39.15,39.56,40.07,40.7,41.42,42.21,43.06,43.9,44.74,45.55,46.35,47.13,47.9,48.68,49.45,50.23,51.01,51.81,52.61,53.42,54.24,55.07,55.88,56.66,57.4,58.04,58.58,59.0,59.32,59.5,59.8,60.2,60.1,59.9,59.8,59.6,59.9,60.0,59.7,59.3,59.0,59.4,59.4,59.4,60.1,60.9,61.6,61.7,62.1,63.0,63.3,63.9,64.4,65.0,65.9,66.81
Gambia,31.85,32.33,32.78,33.22,33.65,34.06,34.46,34.86,35.27,35.7,36.16,36.68,37.26,37.91,38.66,39.47,40.36,41.3,42.3,43.31,44.36,45.42,46.47,47.51,48.56,49.58,50.6,51.61,52.62,53.61,54.59,55.55,56.48,57.37,58.21,58.97,59.65,60.26,60.81,61.3,61.5,61.5,62.0,62.3,62.6,62.8,63.1,63.4,63.4,63.6,63.9,63.8,64.4,64.7,64.9,65.2,65.3,65.7,66.0,66.5,67.1,67.5,67.8,68.0,68.1,68.2
Georgia,59.96,60.36,60.75,61.15,61.54,61.93,62.32,62.72,63.11,63.5,63.9,64.31,64.71,65.11,65.52,65.9,66.26,66.6,66.93,67.24,67.54,67.85,68.17,68.47,68.76,69.0,69.19,69.31,69.37,69.4,69.42,69.46,69.52,69.62,69.75,69.86,69.94,69.96,69.95,69.9,69.9,69.4,69.2,70.2,70.7,71.2,71.3,71.4,71.4,71.4,71.7,71.6,71.7,71.5,71.8,71.9,72.1,71.8,72.1,72.2,72.2,72.4,72.5,72.6,72.9,73.2
Germany,67.08,67.4,67.7,68.0,68.28,68.57,68.49,69.23,69.34,69.26,69.85,70.01,70.1,70.66,70.65,70.77,70.99,70.64,70.48,70.72,70.94,71.16,71.41,71.71,71.56,72.02,72.63,72.6,72.96,73.14,73.37,73.69,73.97,74.44,74.55,74.75,75.15,75.33,75.51,75.4,75.6,76.0,76.1,76.4,76.6,76.9,77.3,77.6,77.8,78.1,78.4,78.6,78.8,79.2,79.4,79.7,79.9,80.0,80.1,80.3,80.5,80.6,80.7,80.7,80.8,80.9
Ghana,41.66,42.22,42.76,43.3,43.83,44.36,44.87,45.37,45.86,46.34,46.8,47.25,47.66,48.07,48.44,48.8,49.14,49.46,49.78,50.08,50.39,50.7,51.02,51.35,51.68,52.0,52.33,52.63,52.95,53.26,53.6,53.95,54.34,54.76,55.23,55.75,56.31,56.89,57.47,58.0,58.4,58.7,59.5,59.6,60.0,60.1,59.8,60.1,60.1,60.0,59.9,60.0,60.2,60.5,60.8,61.2,61.6,62.0,62.4,62.9,63.5,64.1,64.5,64.8,65.3,65.8
Greece,65.57,65.72,65.92,66.16,66.46,66.79,67.16,67.57,67.99,68.41,68.8,69.14,69.44,69.69,69.91,70.12,70.34,70.59,70.88,71.2,71.53,71.85,72.13,72.39,72.62,72.85,73.1,73.38,73.68,74.01,74.33,74.64,74.94,75.21,75.47,75.73,76.01,76.32,76.66,77.0,77.1,77.1,77.5,77.7,77.8,77.9,78.1,78.2,78.3,78.6,78.9,79.1,79.3,79.4,79.6,80.0,79.8,80.2,80.2,80.4,80.5,80.6,81.0,81.0,81.0,81.0
Greenland,43.94,45.59,48.67,51.76,54.85,57.94,58.82,59.71,60.6,61.49,61.85,62.22,62.59,62.97,63.34,63.71,64.08,64.45,64.82,65.19,65.01,64.84,64.66,64.49,64.31,64.14,63.96,63.78,63.61,63.09,62.71,62.8,62.89,63.05,63.42,63.81,64.22,64.14,64.22,64.6,65.1,65.5,65.9,66.3,66.5,66.8,66.9,67.2,67.5,67.8,68.0,68.3,68.5,68.8,69.1,69.5,70.0,70.3,70.6,70.8,71.2,71.6,71.8,72.0,72.1,72.2
Grenada,55.81,56.39,56.97,57.52,58.07,58.61,59.12,59.63,60.11,60.59,61.05,61.49,61.93,62.35,62.76,63.16,63.54,63.91,64.27,64.62,64.97,65.29,65.62,65.92,66.22,66.52,66.79,67.07,67.33,67.6,67.86,68.1,68.35,68.59,68.83,69.06,69.28,69.5,69.7,69.9,70.2,70.2,70.0,70.4,70.7,70.8,70.8,70.6,70.6,70.5,70.3,70.2,70.2,69.3,70.3,70.5,70.7,70.8,70.9,71.0,71.0,71.1,71.2,71.4,71.5,71.6
Guadeloupe,52.09,52.94,53.77,54.57,55.35,56.11,56.84,57.55,58.24,58.91,59.58,60.23,60.87,61.51,62.14,62.75,63.34,63.91,64.46,64.98,65.49,65.99,66.49,66.97,67.46,67.93,68.4,68.86,69.31,69.75,70.18,70.6,71.01,71.42,71.82,72.21,72.6,72.98,73.35,73.72,74.08,74.44,74.79,75.14,75.48,75.82,76.15,76.48,76.8,77.12,77.43,77.74,78.04,78.35,78.65,78.95,79.25,79.55,79.85,80.14,80.43,80.69,80.95,81.18,81.41,81.64
Guam,56.53,57.04,57.55,58.08,58.6,59.12,59.65,60.18,60.71,61.24,61.76,62.28,62.79,63.29,63.78,64.26,64.72,65.18,65.63,66.06,66.49,66.9,67.3,67.7,68.07,68.43,68.79,69.13,69.47,69.8,70.12,70.42,70.73,71.02,71.3,71.58,71.84,72.09,72.35,72.6,72.4,72.4,72.5,72.7,73.0,73.2,69.4,73.4,73.5,73.6,73.6,73.6,73.5,73.3,73.1,72.7,72.4,72.1,71.8,71.6,71.5,71.5,71.6,71.6,71.7,71.8
Guatemala,42.06,42.44,42.83,43.27,43.73,44.23,44.77,45.32,45.91,46.51,47.12,47.76,48.4,49.05,49.73,50.43,51.16,51.93,52.72,53.5,54.27,55.0,55.67,56.28,56.82,57.32,57.78,58.22,58.66,59.12,59.6,60.1,60.62,61.16,61.72,62.28,62.86,63.45,64.02,64.6,64.0,63.8,64.2,64.6,66.9,68.1,67.7,67.7,68.8,68.8,69.3,70.0,70.1,70.2,69.8,70.2,71.0,71.2,70.9,71.2,71.6,72.1,72.3,72.4,72.6,72.8
Guinea,33.12,33.44,33.74,34.04,34.35,34.64,34.92,35.2,35.46,35.71,35.95,36.17,36.37,36.57,36.77,36.96,37.16,37.37,37.61,37.89,38.2,38.57,38.97,39.43,39.94,40.47,41.04,41.63,42.25,42.92,43.66,44.47,45.37,46.32,47.33,48.35,49.37,50.33,51.22,52.0,52.3,52.5,53.0,53.1,53.4,53.8,54.0,54.0,54.0,54.2,54.4,54.7,55.1,55.6,56.0,56.4,56.8,57.1,57.5,57.9,58.2,58.5,58.8,58.6,59.1,59.6
Guinea-Bissau,39.65,40.03,40.42,40.81,41.2,41.58,41.97,42.36,42.75,43.14,43.39,43.64,43.89,44.15,44.39,44.63,44.86,45.09,45.29,45.5,45.71,45.91,46.12,46.33,46.54,46.77,47.02,47.27,47.54,47.83,48.13,48.45,48.78,49.13,49.49,49.87,50.26,50.67,51.09,51.5,51.7,51.8,52.0,52.2,52.3,52.6,52.8,51.7,52.5,52.8,52.7,52.7,52.8,52.8,52.9,53.0,53.2,53.6,53.9,54.3,54.5,54.8,55.1,55.3,55.6,55.9
Guyana,57.51,57.68,57.85,58.04,58.21,58.38,58.56,58.73,58.9,59.08,59.24,59.41,59.58,59.75,59.92,60.09,60.25,60.43,60.59,60.75,60.92,61.08,61.24,61.4,61.56,61.72,61.88,62.03,62.18,62.34,62.5,62.67,62.85,63.02,63.21,63.41,63.61,63.8,64.01,64.2,64.3,64.5,64.4,64.5,64.4,64.3,64.3,64.3,64.3,64.2,63.9,63.5,63.7,64.2,64.4,64.8,64.9,65.0,65.3,65.5,65.6,65.9,66.2,66.4,66.8,67.2
Haiti,36.56,37.22,37.87,38.5,39.12,39.74,40.34,40.93,41.52,42.1,42.68,43.26,43.82,44.38,44.93,45.43,45.9,46.33,46.73,47.1,47.45,47.81,48.17,48.53,48.9,49.28,49.63,49.97,50.3,50.62,50.94,51.29,51.64,52.02,52.42,52.81,53.21,53.59,53.95,54.3,54.4,54.9,54.7,55.4,56.2,56.7,57.0,57.5,58.0,58.7,59.2,59.6,59.7,58.6,60.0,60.3,60.8,61.0,61.7,32.2,62.4,62.9,63.4,63.8,64.3,64.8
Honduras,41.86,42.39,42.95,43.54,44.16,44.83,45.52,46.23,46.97,47.71,48.47,49.21,49.94,50.65,51.35,52.02,52.68,53.34,54.0,54.68,55.37,56.07,56.8,57.56,58.34,59.15,59.97,60.8,61.65,62.5,63.36,64.24,65.12,66.01,66.86,67.67,68.42,69.11,69.73,70.3,70.3,70.1,69.9,70.1,70.1,70.1,70.2,63.9,70.3,70.5,70.6,70.7,70.8,71.0,71.2,71.4,71.6,71.8,71.9,72.0,72.2,72.3,72.6,72.8,73.0,73.2
"Hong Kong, China",62.38,62.9,63.43,63.98,64.54,65.11,65.69,66.28,66.87,67.45,68.01,68.55,69.05,69.52,69.96,70.37,70.77,71.15,71.53,71.89,72.25,72.58,72.9,73.2,73.49,73.78,74.06,74.35,74.64,74.93,75.22,75.5,75.77,76.03,76.28,76.53,76.78,77.02,77.27,77.52,77.77,78.01,78.25,78.48,78.72,78.99,79.29,79.63,79.99,80.36,80.73,81.08,81.4,81.68,81.92,82.12,82.31,82.49,82.66,82.84,83.02,83.2,83.38,83.56,83.73,83.9
Hungary,62.48,64.05,63.89,65.46,66.91,66.07,66.44,67.45,67.35,68.13,69.06,68.0,69.02,69.52,69.22,69.98,69.55,69.38,69.45,69.29,69.19,69.82,69.69,69.41,69.46,69.75,70.02,69.56,69.77,69.18,69.24,69.47,69.03,69.07,69.01,69.22,69.69,70.09,69.53,69.5,69.2,69.1,69.2,69.5,70.1,70.5,70.9,71.1,71.3,71.8,72.3,72.6,72.7,72.9,73.1,73.3,73.6,73.9,74.3,74.6,75.0,75.5,76.1,76.5,76.7,76.9
Iceland,71.12,72.57,72.39,73.45,73.4,73.08,73.58,73.55,72.78,74.22,73.6,73.82,73.13,73.72,74.0,73.4,73.9,74.12,73.9,74.0,73.75,74.66,74.52,74.59,75.57,76.94,76.35,76.66,76.88,76.92,76.61,77.26,76.91,77.71,77.85,78.38,77.53,77.39,78.46,78.3,78.4,78.6,78.8,79.1,78.9,79.4,79.6,79.9,80.2,80.5,80.8,81.0,81.3,81.5,81.7,81.8,82.1,82.4,82.5,82.8,82.9,83.1,83.2,83.3,83.3,83.3
India,35.1,35.76,36.44,37.11,37.79,38.48,39.16,39.85,40.56,41.26,41.99,42.72,43.46,44.23,44.98,45.73,46.49,47.21,47.93,48.65,49.35,50.08,50.81,51.53,52.25,52.93,53.56,54.14,54.65,55.1,55.51,55.86,56.19,56.51,56.81,57.11,57.39,57.65,57.93,58.2,58.5,58.8,59.1,59.5,59.9,60.2,60.5,60.8,61.2,61.5,61.9,62.3,62.8,63.2,63.6,63.9,64.3,64.7,65.0,65.4,65.7,66.1,66.5,66.9,67.2,67.5
Indonesia,36.99,37.93,38.86,39.78,40.68,41.57,42.45,43.32,44.17,45.01,45.83,46.65,47.45,48.24,43.77,44.18,50.54,51.27,52.0,52.71,53.4,54.09,54.75,55.41,56.04,56.67,57.27,57.87,58.45,59.01,59.57,60.12,60.64,61.16,61.66,62.15,62.63,63.1,63.55,64.0,64.5,64.9,65.3,65.7,66.1,66.4,66.7,67.0,67.2,67.5,67.8,68.0,68.2,66.7,68.7,68.9,69.2,69.4,69.6,69.8,70.1,70.3,70.6,70.8,71.1,71.4
Iran,40.29,40.92,41.56,42.19,42.84,43.47,44.11,44.74,45.38,46.0,46.61,47.22,47.83,48.43,49.04,49.66,50.3,50.98,51.67,52.43,53.28,54.24,55.24,56.24,57.1,57.64,57.78,57.52,56.95,56.24,55.62,55.32,55.49,56.19,57.39,59.01,60.83,62.67,64.43,66.0,67.8,68.5,69.1,69.6,69.9,69.8,70.3,70.8,71.3,71.4,71.3,71.3,70.1,71.5,71.9,72.4,72.8,73.1,73.4,73.7,74.1,74.3,74.5,74.6,74.6,74.6
Iraq,35.08,36.58,38.04,39.45,40.81,42.11,43.38,44.61,45.79,46.96,48.11,49.24,50.36,51.46,52.52,53.51,54.42,55.24,55.96,56.61,57.21,57.77,58.31,58.81,59.19,59.35,59.26,58.94,58.44,57.91,57.52,57.41,57.68,58.34,59.36,60.65,62.05,63.41,64.65,65.7,63.9,65.4,65.4,65.4,65.3,65.3,65.2,65.7,65.9,65.8,66.4,66.1,66.1,66.3,65.7,65.1,65.3,66.6,67.1,67.3,67.7,68.1,68.3,67.7,67.4,67.1
Ireland,65.07,67.52,68.3,68.44,68.46,69.43,69.51,69.84,69.99,70.76,70.24,70.57,70.85,71.12,71.35,70.89,71.95,71.67,71.62,71.68,72.5,71.86,72.11,72.08,72.68,72.81,72.98,72.98,73.28,73.66,74.04,74.34,74.4,74.87,74.84,74.93,75.76,75.82,75.87,76.3,76.7,76.8,76.9,77.3,77.1,77.5,77.4,77.6,77.7,77.8,78.4,78.8,79.1,79.3,79.7,79.8,80.1,80.1,80.3,81.0,80.6,81.1,81.5,81.6,81.7,81.8
Israel,64.42,65.04,65.62,66.15,66.65,67.1,67.51,67.89,68.24,68.55,68.85,69.13,69.41,69.68,69.93,70.17,70.39,70.6,70.78,70.96,71.13,71.33,71.54,71.78,72.04,72.33,72.62,72.9,73.19,73.47,73.74,73.99,74.49,74.78,75.1,74.92,75.29,75.65,76.24,76.7,76.5,76.3,76.9,77.1,77.4,77.7,77.9,78.1,78.5,78.6,78.8,78.6,79.1,79.5,79.7,79.6,80.3,80.6,81.0,81.6,81.6,82.1,82.0,81.3,82.1,82.91
Italy,65.3,65.93,66.56,67.88,68.23,67.62,67.79,68.85,69.3,69.19,69.82,69.21,69.32,70.37,70.24,70.99,71.03,70.85,70.87,71.62,71.87,72.15,72.09,72.81,72.72,73.07,73.44,73.78,74.11,74.07,74.46,74.93,74.75,75.51,75.62,75.94,76.36,76.54,76.94,77.0,77.0,77.3,77.6,77.8,78.1,78.3,78.7,78.9,79.3,79.6,79.8,80.1,80.1,80.9,81.1,81.2,81.3,81.5,81.6,81.9,82.0,82.0,82.1,82.1,82.2,82.3
Jamaica,58.02,59.06,60.07,61.03,61.95,62.83,63.66,64.47,65.21,65.91,66.57,67.17,67.74,68.25,68.73,69.17,69.58,69.99,70.36,70.72,71.06,71.39,71.71,72.0,72.29,72.58,72.89,73.21,73.52,73.82,74.1,74.34,74.55,74.7,74.79,74.84,74.85,74.85,74.83,74.8,74.9,74.9,74.8,74.8,74.7,74.5,74.4,74.5,74.6,74.4,74.2,74.5,74.8,75.0,75.4,75.5,75.3,75.1,74.8,74.8,74.6,74.7,74.8,74.8,75.0,75.2
Japan,60.98,63.02,63.36,64.6,65.76,65.62,65.49,67.11,67.49,67.78,68.43,68.71,69.79,70.26,70.31,71.12,71.41,71.73,71.96,72.05,72.87,73.39,73.45,73.88,74.38,74.78,75.35,75.67,76.18,76.16,76.57,77.08,77.11,77.5,77.8,78.22,78.63,78.54,78.97,79.0,79.1,79.3,79.4,79.8,79.7,80.2,80.4,80.5,80.6,81.0,81.3,81.6,81.7,81.9,82.0,82.2,82.4,82.5,82.7,82.7,82.6,82.9,83.0,83.1,83.2,83.3
Jordan,45.56,46.45,47.34,48.23,49.09,49.95,50.8,51.65,52.48,53.3,54.12,54.94,55.75,56.55,57.35,58.13,58.9,59.66,60.42,61.15,61.87,62.59,63.3,63.98,64.64,65.28,65.89,66.46,67.0,67.51,68.0,68.45,68.9,69.33,69.75,70.15,70.52,70.87,71.2,71.5,71.9,72.2,72.2,72.4,72.5,72.6,72.8,73.0,73.2,73.4,73.6,73.8,74.0,74.1,74.5,75.5,76.3,76.9,77.5,77.9,78.1,78.2,78.3,78.4,78.5,78.6
Kazakhstan,54.67,55.15,55.63,56.11,56.58,57.05,57.51,57.98,58.44,58.91,59.38,59.85,60.31,60.79,61.24,61.69,62.12,62.53,62.92,63.27,63.6,63.89,64.16,64.4,64.64,64.88,65.13,65.41,65.71,66.05,66.43,66.84,67.28,67.7,68.07,68.34,68.48,68.47,68.31,68.0,67.6,67.1,65.3,64.6,63.6,63.5,63.9,64.2,65.0,64.9,65.1,65.4,65.3,65.3,65.3,65.3,65.8,67.1,68.2,68.5,69.1,69.7,70.0,70.2,70.2,70.2
Kenya,42.33,42.71,43.16,43.64,44.17,44.75,45.37,46.03,46.72,47.42,48.13,48.82,49.48,50.13,50.75,51.35,51.96,52.57,53.19,53.83,54.45,55.08,55.69,56.29,56.89,57.49,58.1,58.74,59.36,59.96,60.52,61.02,61.42,61.74,61.96,62.09,62.13,62.1,62.0,61.8,61.1,60.3,59.5,58.7,58.1,57.4,56.7,56.1,55.8,55.6,55.6,55.7,55.8,56.2,57.2,58.4,59.8,60.8,61.9,62.9,63.7,64.3,64.8,65.0,65.1,65.2
Kiribati,42.25,42.65,43.05,43.44,43.85,44.25,44.64,45.04,45.45,45.84,46.24,46.64,47.03,47.44,47.84,48.23,48.63,49.02,49.42,49.82,50.21,50.61,51.02,51.41,51.81,52.2,52.58,52.97,53.36,53.75,54.17,54.62,55.08,55.56,56.04,56.5,56.93,57.33,57.68,58.0,58.2,58.4,58.4,58.7,58.9,59.2,59.4,59.5,59.6,59.8,60.1,60.2,60.4,60.6,60.8,61.0,61.2,61.5,61.7,61.9,62.1,62.3,62.6,62.8,63.0,63.2
Kuwait,52.95,54.13,55.27,56.36,57.43,58.45,59.44,60.38,61.29,62.15,62.98,63.77,64.53,65.24,65.92,66.58,67.2,67.8,68.38,68.93,69.46,69.97,70.46,70.93,71.39,71.85,72.29,72.72,73.14,73.58,74.0,74.41,74.81,75.22,75.59,75.95,76.29,76.62,76.92,77.2,64.4,80.0,78.7,77.6,76.5,76.0,76.2,76.3,77.3,77.7,77.6,78.2,78.5,78.1,77.7,77.7,77.7,77.3,77.4,78.5,79.0,79.1,79.7,80.2,80.3,80.4
Kyrgyz Republic,52.07,52.52,52.96,53.41,53.86,54.31,54.75,55.2,55.64,56.09,56.54,56.99,57.44,57.9,58.34,58.76,59.19,59.58,59.95,60.3,60.61,60.88,61.14,61.38,61.6,61.83,62.05,62.3,62.57,62.89,63.23,63.62,64.04,64.45,64.86,65.23,65.54,65.77,65.93,66.0,65.9,65.6,65.3,65.0,65.1,65.2,65.3,65.6,65.8,65.9,66.0,65.9,66.0,66.2,66.5,66.7,67.0,67.3,67.7,67.9,68.5,69.0,69.4,69.6,69.8,70.0
Lao,39.88,40.13,40.37,40.62,40.86,41.11,41.37,41.62,41.87,42.13,42.38,42.64,42.89,43.13,43.39,43.64,43.89,44.15,44.41,44.66,44.91,45.16,45.39,45.62,45.85,46.05,46.26,46.47,46.69,46.91,47.17,47.45,47.76,48.12,48.54,49.02,49.56,50.16,50.8,51.5,52.0,52.4,52.8,53.2,53.6,54.0,54.4,54.9,55.5,56.1,56.6,57.6,58.4,59.3,60.1,60.8,61.7,62.5,63.3,64.1,65.0,65.6,66.1,66.6,67.1,67.6
Latvia,60.48,61.88,63.19,64.38,65.46,66.44,67.31,68.07,69.53,70.37,70.6,69.97,70.36,71.62,71.29,71.26,70.94,70.56,70.29,70.31,70.66,70.35,70.29,70.22,69.37,69.48,69.56,69.45,68.93,69.23,69.18,69.75,69.51,69.56,69.72,71.09,71.14,71.05,70.55,69.6,69.1,68.4,66.7,65.7,66.5,68.6,69.3,69.0,70.0,70.5,70.0,70.4,70.8,71.2,71.1,70.8,71.3,72.4,73.3,73.9,74.6,75.1,75.0,75.2,75.4,75.6
Lebanon,59.61,60.04,60.45,60.85,61.23,61.6,61.95,62.28,62.6,62.9,63.19,63.47,63.74,64.0,64.25,64.5,64.76,65.01,65.27,65.52,65.75,65.98,66.18,66.37,66.54,66.69,66.83,66.96,67.08,67.21,67.36,67.52,67.68,67.87,68.07,68.29,68.53,68.78,69.03,69.3,71.9,72.2,72.5,73.0,73.4,74.0,74.4,74.9,75.6,75.9,76.3,76.6,76.9,77.1,77.3,77.4,77.5,77.8,77.9,78.1,76.6,78.5,78.6,78.7,78.9,79.1
Lesotho,41.53,42.11,42.72,43.33,43.96,44.59,45.22,45.85,46.46,47.02,47.54,47.97,48.32,48.59,48.79,48.95,49.09,49.24,49.43,49.67,49.96,50.31,50.7,51.14,51.63,52.17,52.75,53.38,54.01,54.65,55.25,55.82,56.34,56.83,57.31,57.88,58.51,59.21,59.92,60.5,60.6,60.4,60.1,59.2,58.7,57.9,56.6,54.6,52.9,50.7,48.9,47.0,45.4,44.2,43.1,43.1,43.3,44.5,45.5,46.4,46.7,46.1,45.6,45.4,47.1,48.86
Liberia,33.11,33.36,33.6,33.84,34.07,34.28,34.51,34.73,34.98,35.24,35.54,35.88,36.28,36.73,37.23,37.77,38.33,38.91,39.49,40.1,40.75,41.43,42.16,42.91,43.68,44.45,45.21,45.92,46.57,47.14,47.6,47.97,48.25,48.46,48.58,48.62,48.59,48.55,48.53,48.6,51.5,51.8,50.1,48.9,50.9,50.4,53.8,54.4,55.2,55.8,56.3,55.4,55.2,57.9,58.4,58.8,59.3,59.9,60.3,60.8,61.5,62.3,62.9,61.8,63.2,64.63
Libya,38.07,37.73,37.66,37.89,38.39,39.18,40.22,41.5,42.97,44.59,46.28,48.0,49.69,51.28,52.77,54.15,55.45,56.69,57.88,59.01,60.11,61.16,62.16,63.13,64.06,64.95,65.81,66.62,67.4,68.13,68.82,69.46,70.04,70.58,71.09,71.56,72.03,72.48,72.94,73.4,73.7,73.8,74.2,74.4,74.6,74.6,74.8,74.8,74.9,74.8,75.0,75.0,75.1,75.2,75.4,75.5,75.5,75.6,75.7,75.9,60.5,75.5,75.8,75.0,74.1,73.21
Lithuania,63.9,64.52,65.14,65.77,66.38,66.99,67.59,68.19,67.73,70.33,70.52,69.46,70.64,72.0,71.76,71.92,71.99,71.68,71.3,71.16,72.1,71.34,71.7,71.63,71.24,71.38,71.14,70.93,70.8,70.78,70.77,71.17,71.09,70.6,70.78,72.45,72.26,72.1,71.79,71.5,70.5,70.3,69.1,68.7,69.0,70.2,71.1,71.3,71.8,72.1,71.6,72.1,72.1,72.2,71.7,71.5,71.4,72.1,73.6,73.9,74.3,74.7,74.9,75.0,75.2,75.4
Luxembourg,65.38,65.71,66.04,66.37,66.67,66.98,67.27,67.55,67.83,68.99,69.49,68.59,68.8,68.98,69.31,69.21,69.59,70.17,69.73,69.47,69.35,70.59,70.34,70.42,70.37,70.31,71.61,71.57,72.25,72.42,72.22,72.31,73.19,72.94,73.51,74.44,73.97,74.57,74.49,75.2,75.5,75.8,76.2,76.5,76.9,77.1,77.4,77.7,78.1,78.5,78.7,79.0,79.1,79.5,80.0,80.3,80.6,81.0,81.2,81.3,81.5,81.7,81.9,82.1,82.2,82.3
"Macao, China",60.25,60.79,61.32,61.84,62.37,62.89,63.41,63.92,64.43,64.93,65.42,65.9,66.36,66.81,67.24,67.66,68.06,68.45,68.83,69.2,69.56,69.91,70.26,70.61,70.95,71.29,71.62,71.94,72.26,72.57,72.88,73.17,73.46,73.75,74.03,74.31,74.58,74.84,75.1,75.36,75.61,75.86,76.1,76.33,76.56,76.78,77.0,77.21,77.42,77.63,77.83,78.04,78.25,78.46,78.67,78.89,79.1,79.32,79.54,79.75,79.97,80.19,80.4,80.61,80.82,81.03
"Macedonia, FYR",53.65,54.61,55.53,56.4,57.25,58.04,58.79,59.51,60.2,60.85,61.49,62.11,62.72,63.32,63.92,64.51,65.08,65.62,66.14,66.63,67.08,67.48,67.83,68.14,68.41,68.61,68.76,68.88,68.98,69.08,69.21,69.4,69.63,69.92,70.26,70.6,70.93,71.23,71.48,71.7,71.7,71.6,71.5,71.7,71.8,72.1,72.3,72.4,72.6,72.9,73.0,73.3,73.4,73.6,73.8,74.1,74.3,74.5,74.7,75.2,75.6,75.8,76.0,76.2,76.5,76.8
Madagascar,36.69,37.28,37.86,38.45,39.03,39.62,40.21,40.79,41.38,41.96,42.54,43.12,43.7,44.28,44.85,45.43,46.01,46.6,47.18,47.77,48.36,48.94,49.5,50.06,50.59,51.12,51.63,52.12,52.58,53.01,53.36,53.64,53.86,54.03,54.19,54.38,54.63,54.98,55.43,56.0,56.2,56.4,56.3,56.8,57.2,57.6,58.0,58.3,58.8,59.1,59.6,59.8,60.1,60.6,61.2,61.7,62.0,62.2,62.3,62.4,62.6,62.8,63.0,63.3,63.5,63.7
Malawi,36.45,36.62,36.81,37.02,37.24,37.48,37.72,37.99,38.25,38.51,38.76,39.02,39.25,39.49,39.75,40.03,40.36,40.73,41.16,41.62,42.09,42.55,43.0,43.41,43.79,44.16,44.54,44.92,45.31,45.72,46.13,46.53,46.91,47.26,47.6,47.9,48.17,48.42,48.64,48.8,48.6,48.3,48.0,47.4,46.9,46.3,45.8,45.3,45.1,45.4,45.9,46.4,47.0,47.5,48.5,49.6,51.0,52.4,53.9,55.4,56.6,58.0,59.3,60.1,60.5,60.9
Malaysia,54.05,54.72,55.39,56.06,56.72,57.37,58.01,58.65,59.27,59.89,60.48,61.07,61.63,62.17,62.71,63.21,63.7,64.17,64.63,65.08,65.51,65.93,66.34,66.73,67.13,67.5,67.86,68.21,68.56,68.89,69.22,69.53,69.84,70.14,70.45,70.73,71.01,71.28,71.54,71.8,72.0,72.2,72.4,72.4,72.4,72.5,72.8,73.0,73.1,73.3,73.6,73.8,73.9,74.0,74.3,74.5,74.5,74.5,74.3,74.4,74.6,74.7,74.9,75.1,75.3,75.5
Maldives,33.9,34.18,34.49,34.86,35.27,35.72,36.22,36.78,37.39,38.07,38.82,39.64,40.54,41.48,42.47,43.48,44.49,45.48,46.44,47.37,48.25,49.12,49.98,50.82,51.69,52.59,53.53,54.51,55.53,56.58,57.62,58.64,59.64,60.6,61.51,62.41,63.3,64.19,65.08,66.0,66.7,67.3,67.9,68.6,69.3,70.0,70.8,71.7,72.3,73.0,73.7,74.4,75.3,74.7,76.9,77.5,78.1,78.5,78.9,79.2,79.6,79.8,79.9,80.0,80.0,80.0
Mali,27.34,27.71,28.04,28.34,28.6,28.84,29.04,29.23,29.42,29.61,29.83,30.08,30.4,30.79,31.26,31.8,32.41,33.07,33.77,34.51,35.27,36.04,36.82,37.61,38.39,39.18,39.97,40.79,41.61,42.45,43.3,44.17,45.02,45.86,46.68,47.45,48.18,48.86,49.47,50.0,50.5,50.8,51.2,51.2,51.4,51.8,52.2,50.9,53.5,53.5,54.1,54.6,55.5,56.2,56.9,57.4,58.0,58.5,58.9,59.2,59.6,59.8,59.8,60.0,60.2,60.4
Malta,66.02,66.17,66.35,66.55,66.79,67.06,67.34,67.65,67.97,68.32,68.67,69.02,69.37,69.7,70.03,70.36,70.67,70.98,71.29,71.6,71.9,72.2,72.49,72.78,73.07,73.36,73.63,73.92,74.19,74.47,74.74,75.01,75.28,75.54,75.81,76.08,76.33,76.59,76.84,77.1,77.3,77.5,77.9,78.2,78.4,78.5,78.8,78.9,79.0,79.2,79.4,79.8,80.1,80.3,80.7,81.0,80.9,80.7,81.2,81.3,81.3,81.6,81.7,82.0,82.1,82.2
Martinique,54.51,55.23,55.93,56.61,57.28,57.93,58.57,59.2,59.81,60.41,61.0,61.58,62.16,62.72,63.28,63.84,64.39,64.93,65.46,65.99,66.51,67.02,67.53,68.02,68.51,69.0,69.47,69.93,70.38,70.82,71.25,71.68,72.09,72.5,72.9,73.29,73.67,74.05,74.42,74.79,75.15,75.51,75.86,76.2,76.54,76.88,77.22,77.55,77.88,78.19,78.5,78.78,79.05,79.31,79.55,79.78,80.01,80.24,80.48,80.71,80.95,81.18,81.41,81.64,81.86,82.08
Mauritania,37.95,38.53,39.14,39.77,40.42,41.09,41.78,42.48,43.2,43.91,44.62,45.31,45.96,46.59,47.18,47.73,48.26,48.78,49.27,49.77,50.25,50.73,51.2,51.69,52.19,52.73,53.29,53.89,54.51,55.13,55.75,56.34,56.9,57.41,57.86,58.28,58.64,58.96,59.25,59.5,60.2,60.4,60.7,60.7,61.2,61.5,62.0,62.5,63.2,63.8,64.2,64.9,65.5,65.9,66.3,67.0,67.5,67.9,68.2,68.6,68.8,69.1,69.3,69.6,69.7,69.8
Mauritius,48.57,49.61,50.68,51.78,52.92,54.09,55.28,56.46,57.63,58.74,59.75,60.64,61.38,61.97,62.4,62.67,62.85,62.97,63.05,63.14,63.27,63.45,63.68,63.99,64.37,64.83,65.34,65.87,66.41,66.92,67.34,67.7,67.96,68.14,68.26,68.38,68.53,68.74,68.99,69.3,69.6,69.7,69.8,70.0,70.3,70.5,70.7,71.0,71.2,71.4,71.6,71.7,71.9,72.1,72.4,72.5,72.7,72.9,73.2,73.4,73.7,74.1,74.2,74.3,74.5,74.7
Mayotte,45.38,46.68,47.92,49.11,50.24,51.32,52.34,53.3,54.22,55.09,55.92,56.72,57.5,58.25,58.98,59.7,60.39,61.07,61.73,62.36,62.99,63.59,64.17,64.74,65.3,65.84,66.36,66.88,67.38,67.86,68.34,68.8,69.25,69.69,70.12,70.54,70.95,71.35,71.75,72.14,72.53,72.91,73.28,73.64,74.0,74.35,74.7,75.03,75.36,75.69,76.01,76.33,76.64,76.95,77.24,77.53,77.8,78.05,78.29,78.52,78.74,78.96,79.19,79.42,79.65,79.88
Mexico,49.27,50.37,51.42,52.43,53.39,54.29,55.14,55.94,56.67,57.34,57.95,58.49,58.96,59.4,59.78,60.15,60.53,60.91,61.32,61.77,62.25,62.75,63.29,63.83,64.39,64.95,65.51,66.05,66.58,67.09,67.58,68.05,68.52,68.97,69.4,69.84,70.26,70.67,71.09,71.5,71.9,72.1,72.4,72.7,73.0,73.3,73.6,73.7,74.1,74.6,74.9,74.9,74.9,75.2,75.1,75.4,75.6,75.4,75.3,75.4,75.7,75.7,75.4,75.6,75.9,76.2
"Micronesia, Fed. Sts.",53.56,53.92,54.28,54.65,55.01,55.37,55.73,56.09,56.45,56.82,57.18,57.54,57.9,58.26,58.63,58.99,59.36,59.73,60.1,60.48,60.89,61.3,61.71,62.12,62.5,62.85,63.14,63.37,63.53,63.64,63.71,63.77,63.81,63.86,63.92,63.99,64.07,64.15,64.23,64.3,64.5,64.7,64.9,65.1,65.4,65.7,65.9,66.1,66.3,66.6,66.8,66.0,67.3,67.4,67.6,67.7,67.9,68.0,68.1,68.3,68.4,68.6,68.7,68.8,68.9,69.0
Moldova,58.5,58.96,59.42,59.85,60.27,60.68,61.07,61.46,61.84,62.22,62.61,62.99,63.38,63.77,64.14,64.48,64.78,65.03,65.23,65.39,65.48,65.55,65.58,65.6,65.6,65.57,65.52,65.47,65.41,65.4,65.48,65.68,65.98,66.38,66.83,67.29,67.69,67.98,68.16,68.2,67.4,67.6,67.4,65.8,65.4,66.1,67.9,68.5,68.4,68.6,69.2,69.6,69.9,70.2,69.5,69.8,70.0,70.4,70.6,70.5,72.3,72.4,73.3,73.6,73.9,74.2
Mongolia,43.09,43.41,43.83,44.34,44.96,45.66,46.46,47.33,48.25,49.2,50.15,51.08,51.94,52.74,53.48,54.16,54.8,55.43,56.02,56.58,57.08,57.49,57.82,58.06,58.22,58.31,58.36,58.4,58.46,58.56,58.73,59.0,59.34,59.76,60.22,60.71,61.18,61.61,61.98,62.3,62.3,62.2,62.0,62.0,61.7,61.7,61.9,62.1,62.3,62.5,62.7,62.9,63.1,63.4,63.6,64.0,64.4,64.8,65.0,65.2,65.6,66.0,66.4,66.8,67.1,67.4
Montenegro,59.32,59.59,59.91,60.31,60.78,61.3,61.87,62.5,63.17,63.86,64.54,65.21,65.86,66.47,67.05,67.62,68.19,68.78,69.36,69.94,70.48,70.99,71.41,71.78,72.07,72.33,72.55,72.75,72.95,73.16,73.35,73.52,73.68,73.83,73.96,74.08,74.21,74.35,74.47,74.6,74.4,74.2,73.9,73.7,73.5,73.4,73.3,73.1,73.0,73.3,73.5,74.0,74.5,74.8,75.0,75.2,75.6,76.0,76.3,76.5,76.7,76.8,76.9,77.1,77.2,77.3
Morocco,45.84,46.21,46.58,46.98,47.39,47.81,48.25,48.7,49.17,49.64,50.11,50.6,51.09,51.58,52.06,52.54,53.0,53.46,53.91,54.34,54.77,55.19,55.62,56.08,56.56,57.11,57.72,58.39,59.13,59.93,60.77,61.63,62.49,63.33,64.14,64.91,65.66,66.38,67.06,67.7,68.1,68.4,68.6,69.1,69.5,70.0,70.4,70.8,71.1,71.5,71.8,72.0,72.3,72.5,72.7,72.9,73.1,73.3,73.5,73.7,73.9,74.1,74.3,74.4,74.6,74.8
Mozambique,32.26,32.92,33.58,34.25,34.91,35.58,36.23,36.89,37.54,38.17,38.79,39.4,39.98,40.54,41.1,41.66,42.21,42.78,43.37,43.97,44.58,45.21,45.85,46.46,47.06,47.61,48.1,48.52,48.88,49.17,49.4,49.57,49.72,49.87,50.02,50.21,50.45,50.74,51.08,51.5,51.7,52.1,52.3,52.6,52.7,52.6,52.5,52.6,52.6,52.3,52.8,52.7,52.9,53.0,52.9,53.0,53.2,54.0,54.4,54.4,54.5,54.5,54.8,56.1,57.1,58.12
Myanmar,33.8,35.24,36.53,37.69,38.71,39.6,40.36,41.03,41.65,42.25,42.9,43.64,44.47,45.4,46.4,47.39,48.31,49.11,49.78,50.31,50.72,51.09,51.44,51.78,52.15,52.54,52.93,53.31,53.69,54.07,54.44,54.8,55.16,55.52,55.87,56.23,56.58,56.93,57.26,57.6,57.8,58.1,58.4,58.8,59.0,59.4,59.7,60.1,60.4,60.8,61.3,61.7,62.3,62.8,63.4,64.0,64.6,59.4,65.6,66.0,66.4,66.8,67.2,67.6,68.0,68.4
Namibia,40.72,41.49,42.23,42.96,43.69,44.39,45.09,45.76,46.42,47.07,47.7,48.31,48.9,49.48,50.05,50.61,51.17,51.71,52.26,52.81,53.36,53.91,54.44,54.98,55.51,56.04,56.56,57.07,57.57,58.06,58.54,59.01,59.45,59.87,60.27,60.65,61.0,61.3,61.54,61.7,61.9,62.0,62.0,61.5,60.5,59.3,58.1,56.7,55.4,54.0,53.4,52.7,52.4,52.5,53.1,54.9,57.5,59.1,60.3,61.4,62.6,63.6,63.9,64.1,64.2,64.3
Nepal,35.53,36.0,36.48,36.96,37.43,37.9,38.38,38.85,39.32,39.8,40.26,40.74,41.21,41.67,42.14,42.6,43.05,43.51,43.97,44.43,44.91,45.41,45.92,46.47,47.05,47.64,48.28,48.94,49.63,50.32,51.06,51.81,52.57,53.36,54.17,54.98,55.83,56.68,57.53,58.4,59.1,60.0,60.2,61.0,61.7,62.5,63.4,63.9,64.6,65.2,65.9,65.9,66.8,67.0,67.4,67.8,68.1,68.4,68.7,69.0,69.3,69.7,69.9,70.2,69.7,69.2
Netherlands,71.5,72.12,71.7,72.39,72.51,72.52,72.97,73.13,73.17,73.35,73.54,73.21,73.33,73.71,73.58,73.52,73.79,73.6,73.51,73.57,73.81,73.72,74.17,74.56,74.49,74.61,75.2,75.11,75.59,75.72,75.93,76.01,76.21,76.28,76.34,76.31,76.78,76.98,76.82,77.0,77.2,77.3,77.2,77.5,77.6,77.6,77.9,78.1,78.0,78.1,78.3,78.5,78.7,79.1,79.6,79.9,80.2,80.3,80.6,80.8,80.9,81.0,81.2,81.3,81.3,81.3
Netherlands Antilles,58.96,60.02,61.0,61.89,62.7,63.43,64.08,64.65,65.15,65.6,65.99,66.34,66.67,67.0,67.33,67.67,68.03,68.41,68.81,69.22,69.63,70.05,70.45,70.84,71.21,71.58,71.94,72.29,72.64,72.96,73.27,73.56,73.8,74.02,74.19,74.33,74.42,74.49,74.52,74.54,74.53,74.52,74.5,74.49,74.48,74.48,74.5,74.53,74.57,74.65,74.76,74.91,75.09,75.3,75.53,75.76,75.98,76.18,76.36,76.52,76.65,76.77,76.89,77.01,77.14,77.27
New Caledonia,49.51,50.34,51.16,51.96,52.74,53.5,54.25,54.98,55.69,56.38,57.06,57.72,58.36,58.99,59.6,60.19,60.77,61.33,61.89,62.42,62.95,63.46,63.95,64.44,64.91,65.37,65.81,66.25,66.68,67.09,67.5,67.89,68.28,68.65,69.02,69.37,69.72,70.05,70.38,70.7,71.01,71.31,71.6,71.89,72.16,72.43,72.7,72.95,73.21,73.46,73.7,73.94,74.17,74.4,74.62,74.84,75.05,75.26,75.47,75.67,75.88,76.09,76.31,76.52,76.74,76.96
New Zealand,69.17,69.4,70.25,70.36,70.49,70.75,70.27,70.9,70.82,71.28,71.0,71.26,71.33,71.37,71.3,71.16,71.54,71.2,71.57,71.35,71.8,71.92,71.78,72.03,72.3,72.5,72.25,73.14,73.18,72.98,73.77,73.87,73.97,74.53,74.03,74.28,74.36,74.64,75.05,75.6,75.9,76.2,76.5,76.7,77.0,77.3,77.6,78.0,78.2,78.4,78.6,78.9,79.1,79.4,79.8,79.9,80.1,80.3,80.5,80.8,80.8,81.1,81.4,81.4,81.4,81.4
Nicaragua,43.38,44.18,44.98,45.78,46.59,47.4,48.22,49.04,49.86,50.69,51.53,52.36,53.19,54.04,54.88,55.74,56.6,57.47,58.33,59.18,60.01,60.8,61.56,62.28,62.95,63.59,64.17,64.73,65.28,65.83,66.38,66.95,67.56,68.2,68.89,69.67,70.51,71.4,72.35,73.3,73.7,73.6,73.9,74.1,74.4,74.7,75.0,73.2,75.6,76.0,76.2,76.3,76.3,76.4,76.6,76.7,76.8,77.0,77.1,77.2,77.4,77.5,77.6,77.8,78.0,78.2
Niger,35.61,35.72,35.83,35.95,36.08,36.22,36.37,36.51,36.67,36.82,36.97,37.1,37.24,37.36,37.49,37.61,37.73,37.88,38.05,38.24,38.45,38.69,38.95,39.25,39.57,39.97,40.4,40.9,41.44,42.0,42.58,43.13,43.66,44.15,44.63,45.09,45.57,46.07,46.62,47.2,47.9,48.2,48.6,49.1,49.5,50.2,50.6,51.2,51.8,52.4,52.9,53.7,54.4,55.2,55.9,56.6,57.3,58.0,58.6,59.2,59.6,60.0,60.4,60.7,61.0,61.3
Nigeria,35.25,35.74,36.25,36.79,37.35,37.93,38.53,39.14,39.76,40.39,41.0,41.61,42.19,42.75,43.29,43.81,38.31,33.47,31.63,41.79,46.56,47.16,47.77,48.38,49.0,49.62,50.24,50.84,51.42,51.95,52.41,52.8,53.12,53.36,53.54,53.67,53.78,53.88,53.98,54.1,54.3,54.4,54.5,54.9,55.0,55.0,55.0,55.1,55.2,55.2,55.4,55.3,55.6,56.1,56.8,57.4,58.3,59.2,60.3,61.2,62.0,62.6,63.3,63.7,64.6,65.51
North Korea,26.78,24.76,31.74,42.66,46.7,48.18,49.16,49.73,50.43,50.9,51.25,51.64,52.15,52.86,53.76,54.84,55.97,57.07,58.1,59.06,59.93,60.74,61.5,62.22,62.88,63.49,64.04,64.53,64.98,65.39,65.75,66.08,66.4,66.69,67.0,67.36,67.78,68.22,68.63,68.9,69.2,69.4,69.6,69.7,58.6,58.7,58.8,58.9,59.0,59.1,59.2,59.3,69.9,70.0,70.2,70.4,70.6,70.9,71.0,71.2,71.4,71.6,71.8,71.9,72.1,72.3
Norway,72.58,72.72,73.2,73.28,73.5,73.55,73.5,73.5,73.63,73.66,73.67,73.55,73.2,73.7,73.83,74.11,74.18,74.07,73.78,74.19,74.3,74.46,74.56,74.88,74.93,75.17,75.51,75.54,75.54,75.8,76.0,76.13,76.19,76.36,76.07,76.21,76.07,76.17,76.52,76.6,77.0,77.1,77.5,77.7,77.9,78.2,78.3,78.3,78.5,78.6,78.9,79.1,79.5,79.8,80.2,80.4,80.6,80.8,80.8,81.1,81.1,81.6,81.6,82.0,82.0,82.0
Oman,35.74,36.78,37.81,38.82,39.82,40.8,41.78,42.75,43.7,44.64,45.57,46.47,47.37,48.26,49.13,49.97,50.8,51.62,52.43,53.26,54.14,55.07,56.06,57.11,58.2,59.32,60.45,61.57,62.65,63.7,64.69,65.65,66.59,67.48,68.35,69.17,69.95,70.7,71.41,72.1,72.5,72.9,73.3,73.6,73.9,74.2,74.5,74.8,75.1,75.2,75.4,75.4,75.6,75.8,76.0,76.0,76.0,76.2,76.2,76.1,76.3,76.6,76.8,77.0,77.2,77.4
Pakistan,36.85,38.07,39.26,40.42,41.56,42.67,43.75,44.8,45.81,46.79,47.73,48.63,49.47,50.27,51.01,51.7,52.34,52.95,53.52,54.06,54.6,55.12,55.64,56.16,56.68,57.17,57.63,58.05,58.44,58.79,59.13,59.45,59.77,60.09,60.43,60.77,61.11,61.45,61.78,62.1,62.2,62.1,62.0,61.9,61.8,61.9,61.8,62.0,62.1,62.3,62.5,62.6,62.8,63.1,62.2,63.7,63.8,64.1,64.3,64.5,64.9,65.1,65.4,65.6,65.9,66.2
Panama,56.42,56.99,57.56,58.14,58.72,59.31,59.89,60.47,61.05,61.62,62.17,62.71,63.22,63.72,64.21,64.7,65.18,65.65,66.15,66.66,67.18,67.72,68.26,68.81,69.35,69.88,70.38,70.85,71.3,71.72,72.1,72.47,72.8,73.13,73.45,73.76,74.06,74.34,74.62,74.9,75.0,75.0,75.2,75.2,75.3,75.4,75.6,75.8,76.2,76.5,76.7,76.9,77.0,77.1,77.2,77.2,77.3,77.3,77.3,77.3,77.4,77.5,77.6,77.9,78.2,78.5
Papua New Guinea,34.02,34.53,35.04,35.54,36.03,36.53,37.02,37.51,38.04,38.6,39.2,39.87,40.6,41.39,42.22,43.07,43.92,44.74,45.53,46.27,46.97,47.63,48.27,48.9,49.54,50.21,50.91,51.65,52.4,53.11,53.74,54.26,54.65,54.92,55.08,55.19,55.3,55.47,55.7,56.0,56.0,56.2,56.4,56.7,56.9,57.0,57.2,56.5,57.4,57.5,57.6,57.6,57.7,57.7,57.9,58.0,58.2,58.6,58.8,59.1,59.4,59.7,60.2,60.5,60.9,61.3
Paraguay,64.04,64.16,64.33,64.52,64.76,65.03,65.33,65.65,66.0,66.35,66.7,67.03,67.33,67.61,67.87,68.11,68.37,68.63,68.9,69.2,69.49,69.78,70.06,70.32,70.57,70.81,71.04,71.28,71.51,71.73,71.97,72.19,72.41,72.64,72.87,73.11,73.36,73.62,73.91,74.2,74.2,74.1,74.1,74.0,74.1,74.1,74.2,74.2,74.3,74.2,74.2,74.1,74.1,73.8,74.0,74.0,74.0,74.0,74.0,74.0,74.0,74.1,74.1,74.3,74.4,74.5
Peru,43.99,44.43,44.91,45.41,45.95,46.51,47.1,47.72,48.34,48.95,49.56,50.14,50.7,51.25,51.79,52.38,53.03,53.74,54.52,55.36,56.2,57.04,57.85,58.6,59.31,59.99,60.63,61.28,61.93,62.59,63.25,63.9,64.55,65.18,65.8,66.41,66.99,67.57,68.14,68.7,69.2,69.5,70.0,70.5,71.1,71.7,72.4,73.1,73.9,74.6,75.2,75.7,76.2,76.7,77.2,77.7,77.9,78.2,78.2,78.4,78.5,78.7,79.1,79.3,79.5,79.7
Philippines,55.43,55.83,56.23,56.61,56.99,57.36,57.74,58.11,58.46,58.82,59.17,59.53,59.87,60.21,60.56,60.91,61.26,61.6,61.94,62.26,62.54,62.77,62.95,63.1,63.21,63.32,63.44,63.6,63.81,64.06,64.37,64.74,65.13,65.53,65.95,66.35,66.72,67.05,67.34,67.6,67.9,68.2,68.3,68.6,68.8,68.9,69.0,69.0,69.2,69.1,69.0,69.0,69.1,69.1,69.1,69.2,69.7,69.8,69.9,70.1,70.2,70.3,70.3,70.7,71.0,71.3
Poland,59.68,60.87,61.96,62.97,63.9,64.74,65.5,65.97,65.59,67.92,68.04,67.71,68.64,68.87,69.58,69.99,69.69,70.33,69.83,69.96,69.76,70.95,70.95,71.46,70.88,70.88,70.78,70.71,71.05,70.4,71.38,71.45,71.29,71.03,70.78,71.07,71.12,71.49,71.25,70.9,70.7,71.1,71.7,71.7,71.9,72.4,72.7,73.0,73.1,73.8,74.2,74.6,74.9,75.0,75.1,75.2,75.2,75.4,75.7,76.2,76.5,76.7,77.3,77.4,77.6,77.8
Portugal,58.71,59.81,61.11,62.25,61.42,61.22,61.49,63.79,62.97,64.23,62.85,64.37,65.0,65.22,66.17,65.67,66.57,66.88,66.49,67.14,66.91,69.23,68.63,69.18,68.9,69.12,70.37,70.83,71.64,71.71,71.9,72.73,72.65,72.94,73.22,73.61,74.0,74.02,74.58,74.2,74.2,74.6,74.7,75.5,75.5,75.5,75.8,76.1,76.4,76.8,76.8,77.3,77.6,78.2,78.4,79.0,79.2,79.4,79.6,79.9,80.2,80.4,80.7,80.7,80.8,80.9
Puerto Rico,61.57,62.94,64.16,65.22,66.13,66.87,67.48,67.94,68.31,68.58,68.8,69.0,69.21,69.45,69.72,70.03,70.36,70.7,71.03,71.35,71.66,71.98,72.26,72.53,72.77,72.98,73.15,73.28,73.38,73.47,73.56,73.65,73.76,73.89,74.0,74.07,74.08,74.04,73.93,73.8,73.8,73.7,73.8,73.1,73.3,73.6,74.5,75.1,75.2,75.6,75.8,76.2,76.5,76.5,76.6,76.8,76.9,77.0,77.1,77.1,77.4,77.7,77.9,78.2,78.5,78.8
Qatar,53.86,54.67,55.47,56.26,57.04,57.81,58.58,59.33,60.08,60.82,61.57,62.31,63.06,63.79,64.53,65.25,65.95,66.64,67.29,67.91,68.49,69.03,69.52,69.98,70.4,70.79,71.15,71.49,71.83,72.14,72.45,72.75,73.01,73.27,73.51,73.74,73.94,74.14,74.32,74.5,74.4,74.5,74.5,74.4,74.4,74.5,74.6,74.6,74.6,74.7,75.0,75.0,75.2,75.8,76.3,76.7,77.3,77.9,78.5,79.2,79.7,79.9,79.9,79.8,79.7,79.6
Reunion,45.98,47.28,48.53,49.72,50.86,51.94,52.96,53.93,54.85,55.73,56.57,57.37,58.15,58.9,59.64,60.36,61.06,61.74,62.41,63.06,63.69,64.3,64.89,65.46,66.0,66.53,67.05,67.55,68.03,68.51,68.97,69.43,69.87,70.3,70.73,71.14,71.54,71.94,72.32,72.69,73.06,73.41,73.77,74.11,74.45,74.79,75.12,75.44,75.76,76.08,76.38,76.68,76.97,77.26,77.53,77.81,78.08,78.35,78.62,78.88,79.14,79.4,79.65,79.89,80.12,80.35
Romania,61.13,61.07,61.19,61.47,61.93,62.54,63.29,64.14,65.04,65.92,66.7,67.32,67.74,67.96,68.02,67.98,67.95,68.01,68.16,68.41,68.73,69.06,69.34,69.58,69.75,69.87,69.95,70.01,70.06,70.1,70.12,70.11,70.1,70.08,70.05,70.02,70.0,69.98,69.99,70.0,70.5,70.0,69.8,69.5,69.4,69.1,69.1,69.8,70.6,71.1,71.1,71.2,71.6,72.0,72.4,72.8,73.3,73.2,73.3,73.7,74.5,74.7,74.9,75.1,75.2,75.3
Russia,57.76,58.16,58.96,60.96,63.35,64.85,63.95,66.84,67.59,68.61,68.85,68.51,68.98,69.77,69.36,69.43,69.21,69.17,68.65,68.76,69.02,68.92,68.89,68.88,68.24,67.98,67.85,67.89,67.61,67.57,67.79,68.25,68.01,67.53,68.19,69.8,69.81,69.66,69.57,69.2,69.1,68.0,65.2,63.8,64.4,65.7,67.0,67.2,65.9,65.1,65.1,64.9,64.7,65.1,65.1,66.7,67.7,67.9,68.8,68.9,69.8,70.4,70.8,70.9,71.0,71.1
Rwanda,39.99,40.32,40.66,41.0,41.34,41.69,42.03,42.38,42.73,43.07,43.41,43.74,44.05,44.35,44.62,44.85,45.07,45.27,45.44,45.58,45.71,45.81,45.91,46.01,46.13,46.31,46.54,46.81,47.12,47.46,47.88,48.32,48.69,48.88,49.15,49.42,49.69,49.96,50.23,50.5,49.3,48.0,46.7,13.2,43.8,44.6,44.0,45.6,47.2,49.2,51.0,53.5,55.5,57.6,59.6,61.6,63.1,64.1,64.3,65.1,65.3,65.5,65.6,65.7,65.9,66.1
Samoa,46.08,46.69,47.3,47.9,48.5,49.09,49.69,50.28,50.87,51.45,52.04,52.62,53.21,53.8,54.39,54.98,55.57,56.15,56.75,57.33,57.92,58.5,59.09,59.67,60.26,60.84,61.44,62.02,62.62,63.2,63.79,64.36,64.94,65.51,66.1,66.67,67.27,67.87,68.49,69.1,69.1,69.5,69.7,69.8,70.0,70.2,70.4,70.6,70.7,70.8,71.0,71.2,71.4,71.6,71.8,72.0,72.1,72.3,70.4,72.6,72.7,72.7,73.0,73.1,73.2,73.3
Sao Tome and Principe,46.1,46.54,47.01,47.52,48.05,48.6,49.18,49.77,50.38,51.01,51.62,52.21,52.79,53.36,53.92,54.47,55.03,55.6,56.19,56.81,57.47,58.13,58.81,59.47,60.09,60.63,61.08,61.42,61.67,61.83,61.93,62.02,62.12,62.24,62.4,62.59,62.79,63.0,63.2,63.4,63.5,63.6,63.7,64.0,64.1,63.9,63.9,64.0,64.4,64.6,64.9,65.0,65.3,65.4,65.5,65.7,65.7,66.0,66.7,66.9,67.2,67.4,67.6,67.8,68.0,68.2
Saudi Arabia,42.31,42.89,43.47,44.05,44.64,45.23,45.82,46.42,47.02,47.62,48.22,48.84,49.48,50.15,50.88,51.68,52.55,53.51,54.55,55.65,56.82,58.04,59.26,60.48,61.67,62.83,63.95,65.01,66.03,66.99,67.89,68.74,69.54,70.3,71.01,71.66,72.28,72.85,73.39,73.9,74.3,74.6,74.9,75.1,75.5,75.8,76.0,76.3,76.6,76.8,77.1,77.2,77.4,77.5,77.8,77.9,78.2,78.3,78.5,78.7,78.9,79.2,79.3,79.4,79.5,79.6
Senegal,34.89,35.39,35.88,36.34,36.78,37.19,37.57,37.93,38.23,38.46,38.63,38.72,38.76,38.74,38.71,38.7,38.74,38.9,39.17,39.59,40.18,40.94,41.85,42.85,43.94,45.07,46.21,47.33,48.4,49.42,50.43,51.44,52.47,53.48,54.45,55.36,56.17,56.86,57.41,57.8,58.0,58.0,58.2,58.2,58.4,58.8,58.9,59.1,59.2,59.7,60.2,60.4,61.3,61.7,62.2,62.5,63.0,63.5,63.9,64.2,64.4,64.6,64.8,65.0,65.3,65.6
Serbia,58.63,59.11,59.61,60.12,60.63,61.15,61.69,62.23,62.78,63.33,63.88,64.44,64.99,65.53,66.06,66.56,67.05,67.51,67.94,68.34,68.7,69.03,69.32,69.59,69.82,70.03,70.21,70.37,70.53,70.68,70.84,71.01,71.19,71.38,71.58,71.78,71.99,72.17,72.35,72.5,71.4,72.4,72.3,72.1,72.0,71.9,72.1,71.5,71.0,72.1,72.4,72.5,72.7,72.9,73.2,73.6,74.0,74.3,74.6,74.8,75.1,75.4,75.7,75.9,76.2,76.5
Seychelles,57.55,57.43,57.45,57.57,57.82,58.18,58.65,59.19,59.8,60.42,61.03,61.59,62.08,62.47,62.81,63.11,63.43,63.78,64.18,64.62,65.11,65.59,66.06,66.49,66.9,67.26,67.59,67.89,68.16,68.4,68.63,68.83,69.02,69.17,69.3,69.36,69.37,69.31,69.22,69.1,69.1,69.2,69.3,69.6,69.8,69.9,70.1,70.4,70.7,70.9,71.1,71.3,71.5,71.7,72.0,72.3,72.6,72.9,73.0,73.1,73.4,73.7,73.8,74.0,74.1,74.2
Sierra Leone,31.66,32.13,32.62,33.1,33.6,34.09,34.59,35.08,35.58,36.07,36.57,37.06,37.57,38.1,38.7,39.38,40.18,41.08,42.08,43.15,44.28,45.39,46.48,47.5,48.45,49.31,50.11,50.83,51.49,52.04,52.5,52.83,53.06,53.16,53.14,52.98,52.72,52.36,51.98,51.6,51.4,51.9,52.1,51.6,50.9,51.9,51.3,49.7,49.2,51.5,51.8,51.6,51.7,52.0,52.3,52.7,53.0,53.6,54.2,55.0,55.6,56.4,57.1,55.2,57.1,59.07
Singapore,58.62,59.54,60.41,61.24,62.01,62.73,63.39,64.01,64.54,65.02,65.41,65.72,65.97,66.16,66.31,66.46,66.63,66.84,67.09,67.4,67.75,68.12,68.5,68.88,69.26,69.62,69.98,70.34,70.68,71.04,71.39,71.74,72.11,72.49,72.87,73.27,73.68,74.1,74.51,74.9,75.6,76.0,76.2,76.3,76.4,76.7,77.2,77.6,78.0,78.3,78.6,78.9,79.3,79.8,80.0,80.2,80.4,80.6,81.0,81.3,81.5,81.6,81.7,81.9,82.0,82.1
Slovak Republic,61.35,64.4,65.7,66.76,67.89,68.42,67.51,69.41,69.09,70.42,70.86,70.4,70.79,71.17,70.39,70.53,71.07,70.6,69.91,69.84,69.99,70.46,70.16,70.33,70.45,70.62,70.58,70.59,70.92,70.58,70.82,70.94,70.64,70.88,70.89,71.07,71.24,71.32,71.12,71.0,71.1,71.4,71.9,72.3,72.4,72.8,72.8,72.8,73.0,73.3,73.6,73.8,73.9,74.2,74.3,74.5,74.6,74.9,75.2,75.7,76.1,76.5,77.0,77.4,77.6,77.8
Slovenia,64.71,65.28,65.83,66.34,66.81,67.25,67.66,68.02,68.34,68.62,68.82,68.98,69.08,69.12,69.14,69.14,69.14,69.17,69.23,69.32,69.47,69.66,69.86,70.09,70.32,70.51,70.66,70.77,70.85,70.89,70.94,71.03,70.74,71.2,71.63,72.17,72.1,72.75,73.19,73.7,73.6,73.8,73.9,74.2,74.6,75.0,75.2,75.4,75.7,76.1,76.3,76.6,76.8,77.2,77.6,77.9,78.2,78.7,79.1,79.5,79.9,80.1,80.3,80.8,80.9,81.0
Solomon Islands,45.39,45.97,46.53,47.11,47.68,48.26,48.83,49.41,49.98,50.55,51.12,51.69,52.27,52.84,53.42,54.0,54.58,55.16,55.74,56.31,56.91,57.52,58.13,58.74,59.33,59.9,60.43,60.89,61.27,61.53,61.59,61.46,61.16,60.74,60.26,59.84,59.58,59.52,59.7,60.1,60.0,60.4,60.6,60.9,61.1,61.4,61.5,61.6,61.7,61.7,61.7,61.7,61.7,61.7,61.8,61.9,61.9,62.3,62.4,62.7,63.0,63.3,63.5,63.6,64.0,64.4
Somalia,34.13,34.6,35.07,35.54,36.01,36.47,36.94,37.41,37.87,38.34,38.8,39.26,39.74,40.21,40.68,41.14,41.61,42.08,42.54,42.99,43.44,43.9,44.35,44.8,45.24,45.7,46.15,46.6,47.03,47.46,47.88,48.28,48.65,48.98,49.24,49.36,49.34,49.19,48.98,48.8,47.4,48.4,49.7,49.7,49.9,49.9,49.6,50.3,50.4,50.7,50.9,51.1,51.5,51.6,52.1,52.2,52.4,52.6,52.8,51.6,52.0,53.4,54.1,54.3,54.2,54.1
South Africa,43.92,44.67,45.37,46.03,46.63,47.19,47.71,48.17,48.6,49.01,49.4,49.78,50.14,50.52,50.91,51.3,51.68,52.04,52.41,52.77,53.11,53.44,53.77,54.11,54.47,54.86,55.3,55.77,56.29,56.85,57.44,58.04,58.64,59.22,59.78,60.32,60.83,61.29,61.69,62.0,62.5,62.4,63.0,62.8,62.7,61.6,60.0,58.9,57.9,56.4,55.9,54.8,53.7,52.8,52.7,52.5,53.0,53.4,53.9,54.9,56.6,59.0,60.7,61.2,61.3,61.4
South Korea,40.52,40.02,45.02,48.02,49.55,50.22,50.9,51.6,52.3,53.02,53.75,54.51,55.27,56.04,56.84,57.67,58.54,59.44,60.35,61.22,62.02,62.73,63.34,63.84,64.26,64.62,64.95,65.31,65.7,66.15,66.66,67.21,67.78,68.37,68.98,69.58,70.18,70.75,71.29,71.8,72.2,72.7,73.1,73.6,74.0,74.5,74.9,75.4,75.8,76.3,76.7,77.1,77.7,78.2,78.7,79.1,79.4,79.8,80.1,80.4,80.6,80.7,80.9,80.9,81.0,81.1
South Sudan,28.6,29.37,30.11,30.82,31.51,32.17,32.81,33.42,34.02,34.61,35.18,35.75,36.32,36.9,37.48,38.04,38.6,39.15,39.68,40.21,40.75,41.29,41.84,42.39,42.93,43.43,43.87,44.26,44.61,44.93,45.25,45.6,46.01,46.5,47.06,47.72,48.45,49.23,50.05,50.9,51.0,51.6,51.9,52.3,52.7,53.1,53.4,53.8,54.1,54.4,54.7,54.9,55.0,55.2,55.3,55.4,55.5,55.6,55.8,56.0,55.9,56.0,56.0,56.1,56.1,56.1
Spain,61.5,64.92,65.79,66.98,66.75,66.79,66.63,68.82,68.74,69.23,69.62,69.65,69.81,70.54,70.95,71.2,71.39,71.68,71.21,72.19,71.79,73.0,72.78,73.16,73.49,73.81,74.32,74.51,75.05,75.53,75.67,76.22,76.0,76.38,76.34,76.59,76.82,76.82,76.89,76.9,77.0,77.4,77.6,77.8,77.9,78.1,78.6,78.8,78.8,79.2,79.5,79.6,79.6,80.0,80.3,80.7,80.8,81.1,81.5,81.8,82.0,82.2,82.5,82.5,82.6,82.7
Sri Lanka,53.25,54.34,55.32,56.22,57.01,57.71,58.32,58.86,59.32,59.76,60.18,60.61,61.06,61.55,62.07,62.62,63.17,63.7,64.21,64.69,65.15,65.56,65.97,66.36,66.76,67.17,67.6,68.06,68.52,68.97,69.35,69.64,69.83,69.93,69.97,70.0,70.05,70.16,70.32,70.5,71.3,72.0,72.9,72.8,71.7,71.3,71.4,72.0,72.4,72.4,73.3,73.7,74.0,69.4,73.9,73.9,74.4,74.0,74.1,75.0,76.4,76.8,77.1,77.4,77.6,77.8
St. Lucia,51.89,52.09,52.4,52.81,53.32,53.92,54.6,55.36,56.15,56.97,57.75,58.47,59.11,59.66,60.15,60.58,61.0,61.45,61.94,62.47,63.04,63.63,64.22,64.8,65.38,65.96,66.54,67.1,67.64,68.15,68.6,68.99,69.29,69.53,69.7,69.83,69.93,70.03,70.12,70.2,70.4,70.5,70.7,70.9,71.1,71.2,71.5,71.7,71.8,72.0,72.1,72.3,72.5,72.8,73.1,73.4,73.7,74.1,74.3,74.5,74.6,74.7,74.7,74.8,74.8,74.8
St. Vincent and the Grenadines,50.11,50.59,51.19,51.89,52.69,53.58,54.57,55.63,56.73,57.85,58.96,59.99,60.93,61.75,62.46,63.06,63.58,64.04,64.46,64.84,65.16,65.43,65.64,65.82,65.99,66.16,66.36,66.61,66.88,67.19,67.52,67.84,68.15,68.43,68.68,68.92,69.14,69.34,69.53,69.7,69.7,69.7,69.7,69.6,69.6,69.4,69.7,69.8,69.6,69.1,69.7,69.7,70.1,70.2,70.4,70.6,70.8,70.9,71.1,71.1,71.0,71.1,70.8,71.1,71.2,71.3
Sudan,44.44,45.08,45.71,46.31,46.88,47.45,48.0,48.53,49.04,49.54,50.04,50.52,50.99,51.47,51.94,52.42,52.9,53.36,53.82,54.26,54.68,55.06,55.41,55.73,56.0,56.23,56.44,56.63,56.8,56.95,57.11,57.27,57.44,57.61,57.81,58.01,58.23,58.44,58.67,58.9,59.2,59.4,59.5,60.2,60.5,60.6,60.8,61.2,62.0,62.4,62.8,63.3,63.5,63.7,64.6,64.9,65.3,65.5,65.7,66.1,66.3,66.7,66.9,67.2,67.5,67.8
Suriname,55.52,56.24,56.93,57.57,58.16,58.72,59.24,59.71,60.16,60.58,61.0,61.41,61.81,62.23,62.65,63.07,63.49,63.89,64.28,64.66,65.0,65.32,65.62,65.91,66.19,66.47,66.76,67.07,67.39,67.71,68.02,68.31,68.57,68.79,68.98,69.15,69.29,69.43,69.57,69.7,69.9,69.8,69.7,69.8,70.1,70.2,70.2,70.1,69.9,69.7,69.5,69.4,69.5,69.7,69.9,70.0,70.1,70.2,70.5,70.7,71.0,71.3,71.6,71.8,72.0,72.2
Swaziland,41.01,41.51,41.98,42.44,42.88,43.3,43.7,44.08,44.44,44.78,45.1,45.42,45.73,46.05,46.39,46.76,47.2,47.67,48.21,48.79,49.4,50.03,50.67,51.3,51.94,52.58,53.24,53.92,54.62,55.31,56.02,56.71,57.38,58.0,58.6,59.15,59.67,60.13,60.5,60.7,60.7,61.0,61.3,60.7,59.1,57.1,55.8,53.5,51.4,48.8,46.6,45.1,44.0,43.0,42.5,43.1,44.3,45.1,45.9,46.4,48.0,49.1,49.4,49.8,51.8,53.88
Sweden,71.35,71.84,71.88,72.34,72.58,72.64,72.47,73.11,73.34,73.01,73.47,73.34,73.53,73.7,73.85,74.09,74.12,73.99,74.11,74.66,74.58,74.68,74.83,74.94,74.95,74.96,75.39,75.48,75.52,75.74,76.04,76.36,76.6,76.86,76.72,76.98,77.12,77.01,77.67,77.6,77.7,78.1,78.3,78.5,78.9,79.1,79.4,79.5,79.5,79.7,79.8,80.0,80.2,80.2,80.6,80.8,80.9,81.1,81.2,81.6,81.7,81.8,81.9,82.1,82.1,82.1
Switzerland,68.72,69.63,69.55,70.02,70.1,70.23,70.58,71.32,71.48,71.46,71.79,71.35,71.34,72.23,72.36,72.5,72.8,72.75,72.76,73.18,73.3,73.82,74.12,74.47,74.86,74.98,75.43,75.39,75.69,75.69,75.92,76.26,76.27,76.87,76.99,77.17,77.47,77.49,77.68,77.5,77.6,77.9,78.3,78.4,78.5,79.1,79.2,79.5,79.8,79.8,80.2,80.4,80.6,81.0,81.3,81.5,81.7,82.0,82.0,82.3,82.6,82.7,82.8,82.9,83.0,83.1
Syria,47.87,48.44,49.02,49.59,50.15,50.7,51.25,51.79,52.33,52.87,53.43,53.98,54.56,55.15,55.77,56.42,57.12,57.83,58.57,59.31,60.08,60.82,61.56,62.26,62.95,63.6,64.24,64.84,65.44,66.01,66.56,67.08,67.58,68.05,68.51,68.94,69.35,69.75,70.14,70.5,71.0,71.8,72.0,72.3,72.7,73.1,73.4,73.8,74.1,74.4,74.6,74.9,75.1,75.3,75.5,75.7,75.9,76.1,76.3,76.5,75.1,68.1,69.0,67.2,68.2,69.21
Taiwan,55.11,58.51,60.31,62.01,62.41,62.51,62.41,64.21,64.22,64.42,64.92,65.22,66.02,66.72,67.42,67.42,67.52,67.62,68.62,68.67,69.08,69.38,69.43,69.8,70.05,70.41,70.58,71.15,71.28,71.53,71.63,72.14,72.12,72.79,72.98,73.11,73.4,73.22,73.53,73.8,74.2,74.3,74.5,74.6,74.6,74.7,75.2,75.4,75.3,76.0,76.4,76.9,77.3,77.3,77.4,77.8,78.2,78.4,78.7,79.0,78.8,79.0,79.3,79.4,79.5,79.6
Tajikistan,52.94,53.4,53.87,54.33,54.79,55.26,55.72,56.17,56.64,57.1,57.57,58.03,58.51,58.98,59.45,59.9,60.34,60.77,61.17,61.55,61.9,62.23,62.53,62.81,63.08,63.34,63.57,63.81,64.04,64.28,64.53,64.8,65.07,65.34,65.55,65.69,65.73,65.67,65.5,65.3,65.3,62.6,64.2,64.1,64.1,63.3,64.8,64.9,65.5,65.8,66.1,66.5,66.9,67.5,68.0,68.7,69.2,69.6,70.0,70.1,70.1,70.8,71.4,71.9,72.4,72.9
Tanzania,41.66,42.19,42.69,43.18,43.63,44.05,44.46,44.84,45.22,45.57,45.91,46.26,46.62,46.99,47.37,47.77,48.19,48.62,49.07,49.53,50.03,50.55,51.09,51.65,52.19,52.71,53.19,53.61,53.98,54.29,54.56,54.82,55.05,55.26,55.44,55.54,55.58,55.51,55.39,55.2,55.1,54.7,54.5,54.0,53.9,53.8,53.8,53.7,53.8,54.3,54.8,55.4,55.9,56.5,57.1,57.9,59.1,60.4,60.8,61.4,61.7,61.9,62.7,63.3,64.1,64.91
Thailand,51.14,51.5,51.9,52.32,52.78,53.28,53.8,54.35,54.91,55.46,56.01,56.51,56.98,57.4,57.8,58.18,58.56,58.96,59.39,59.86,60.33,60.82,61.29,61.77,62.24,62.7,63.15,63.62,64.1,64.62,65.22,65.91,66.69,67.52,68.36,69.15,69.84,70.38,70.76,71.0,71.0,70.9,70.8,70.6,70.6,70.6,70.5,70.4,70.5,70.7,71.2,71.7,72.1,72.2,73.1,73.5,73.8,73.9,74.0,74.2,74.3,74.4,74.4,74.6,74.7,74.8
Timor-Leste,31.41,32.12,32.83,33.54,34.24,34.94,35.64,36.34,37.04,37.74,38.45,39.15,39.85,40.55,41.29,42.12,43.02,43.96,44.86,45.56,45.8,45.51,44.71,43.49,42.12,40.94,40.25,40.27,41.01,42.45,44.42,46.61,48.76,50.76,52.51,53.99,55.26,56.41,57.47,58.5,59.2,59.9,60.6,61.3,61.8,62.3,62.4,62.8,62.3,60.7,64.4,65.3,65.7,66.5,67.5,68.5,69.2,69.9,70.4,70.8,71.3,71.7,72.0,72.3,72.4,72.5
Togo,34.69,35.42,36.15,36.86,37.57,38.28,38.98,39.68,40.38,41.06,41.74,42.42,43.1,43.77,44.43,45.09,45.75,46.41,47.07,47.72,48.36,49.0,49.63,50.26,50.88,51.49,52.09,52.7,53.29,53.87,54.43,54.97,55.48,55.96,56.39,56.79,57.14,57.42,57.65,57.8,57.8,57.9,57.8,57.6,57.6,57.3,56.9,56.6,56.8,56.7,56.7,56.7,56.4,56.8,56.8,57.5,57.5,57.5,58.0,58.7,59.6,60.3,60.7,61.1,61.5,61.9
Tonga,58.0,58.35,58.7,59.05,59.41,59.77,60.12,60.48,60.84,61.2,61.56,61.91,62.26,62.6,62.94,63.27,63.61,63.93,64.26,64.58,64.88,65.17,65.44,65.69,65.93,66.16,66.39,66.61,66.84,67.08,67.32,67.56,67.8,68.04,68.27,68.48,68.67,68.83,68.98,69.1,69.3,69.4,69.5,69.5,69.6,69.7,69.7,69.7,69.6,69.6,69.6,69.7,69.6,69.8,70.0,70.1,70.2,70.3,68.6,70.7,70.8,71.0,71.2,71.3,71.5,71.7
Trinidad and Tobago,57.36,57.85,58.39,58.98,59.61,60.27,60.97,61.68,62.38,63.07,63.68,64.2,64.63,64.94,65.17,65.31,65.41,65.5,65.6,65.73,65.91,66.11,66.33,66.57,66.83,67.08,67.33,67.54,67.73,67.89,68.03,68.16,68.28,68.39,68.5,68.62,68.74,68.87,68.98,69.1,69.3,69.2,69.3,69.2,69.3,69.3,69.4,69.6,69.3,69.5,69.8,69.9,70.4,70.9,71.1,71.3,71.5,71.7,71.8,71.8,71.9,72.0,72.1,72.3,72.4,72.5
Tunisia,39.03,39.33,39.68,40.06,40.48,40.94,41.43,41.97,42.56,43.2,43.89,44.65,45.47,46.35,47.31,48.33,49.42,50.56,51.74,52.94,54.16,55.37,56.57,57.75,58.9,60.03,61.15,62.27,63.36,64.41,65.4,66.31,67.13,67.87,68.56,69.2,69.83,70.48,71.13,71.8,72.0,72.2,72.2,72.5,72.9,73.4,73.9,74.3,74.7,75.0,75.3,75.5,75.7,76.0,76.2,76.4,76.6,76.8,77.0,77.1,77.2,77.4,77.5,77.6,77.6,77.6
Turkey,41.2,41.68,42.2,42.76,43.35,43.99,44.67,45.38,46.13,46.91,47.71,48.52,49.35,50.15,50.96,51.74,52.48,53.21,53.91,54.59,55.27,55.96,56.65,57.36,58.08,58.81,59.55,60.29,61.03,61.74,62.45,63.15,63.82,64.49,65.15,65.76,66.37,66.96,67.53,68.1,68.5,69.2,69.7,69.8,70.0,70.6,71.2,72.0,71.5,73.8,74.4,75.1,75.1,75.8,76.2,76.7,77.4,77.8,78.5,78.8,78.8,79.1,78.8,79.1,79.2,79.3
Turkmenistan,50.89,51.34,51.79,52.25,52.69,53.14,53.58,54.03,54.47,54.91,55.36,55.82,56.27,56.72,57.17,57.61,58.02,58.42,58.8,59.15,59.46,59.74,60.01,60.25,60.49,60.73,61.0,61.28,61.58,61.9,62.24,62.57,62.89,63.18,63.44,63.63,63.77,63.85,63.89,63.9,63.5,63.5,63.5,63.4,63.3,63.2,63.2,63.3,63.5,63.7,64.1,64.4,64.8,65.3,65.8,66.3,66.8,67.2,67.6,68.1,68.5,68.9,69.2,69.6,70.0,70.4
Uganda,39.94,40.51,41.08,41.65,42.24,42.82,43.42,44.03,44.64,45.27,45.91,46.56,47.22,47.86,48.49,49.07,49.58,50.05,50.43,50.74,50.99,51.17,51.33,51.45,51.55,51.65,51.75,51.83,51.93,52.01,52.09,52.14,52.17,52.16,52.09,51.94,51.72,51.42,51.08,50.7,50.0,49.6,49.0,48.5,48.3,48.2,48.5,48.7,48.9,49.1,49.7,50.3,51.2,52.0,53.5,54.9,55.3,56.0,57.0,57.8,58.6,59.3,60.1,60.7,61.3,61.91
Ukraine,62.2,62.94,63.63,64.42,66.26,67.15,67.19,68.88,69.26,70.88,71.15,70.56,71.18,71.97,71.4,71.66,71.25,71.33,70.7,70.59,70.81,70.57,70.75,70.63,69.96,70.01,69.68,69.63,69.36,69.33,69.36,69.51,69.48,69.17,69.47,70.82,70.61,70.49,70.43,70.0,69.4,68.8,68.3,67.5,66.5,66.7,67.3,68.1,67.7,67.3,67.5,67.5,67.7,67.5,67.1,67.9,67.6,67.8,69.6,70.5,71.1,71.2,71.3,71.3,71.5,71.7
United Arab Emirates,41.83,43.04,44.22,45.37,46.5,47.62,48.7,49.77,50.82,51.85,52.89,53.91,54.91,55.9,56.87,57.81,58.7,59.54,60.33,61.08,61.78,62.45,63.09,63.7,64.3,64.87,65.41,65.93,66.43,66.91,67.36,67.79,68.2,68.6,68.98,69.34,69.68,70.0,70.31,70.6,70.8,71.1,71.3,71.6,71.9,72.1,72.4,72.8,73.0,73.3,73.6,73.8,74.1,74.4,75.2,75.7,75.6,75.6,75.6,75.6,75.5,75.5,75.4,75.4,75.4,75.4
United Kingdom,68.26,69.55,69.82,70.19,70.15,70.42,70.54,70.71,70.81,71.02,70.77,70.84,70.74,71.53,71.52,71.43,72.06,71.68,71.64,71.89,72.2,71.98,72.18,72.38,72.65,72.62,73.11,73.04,73.14,73.57,73.9,74.03,74.28,74.66,74.51,74.78,75.12,75.23,75.36,75.7,76.0,76.2,76.3,76.6,76.7,76.9,77.1,77.3,77.5,77.8,78.0,78.2,78.4,78.7,79.0,79.2,79.5,79.7,80.0,80.2,80.5,80.7,80.8,80.9,81.0,81.1
United States,68.22,68.44,68.79,69.58,69.63,69.71,69.49,69.76,69.98,69.91,70.32,70.21,70.04,70.33,70.41,70.43,70.76,70.42,70.66,70.92,71.24,71.34,71.54,72.08,72.68,72.99,73.38,73.58,74.03,73.93,74.36,74.65,74.71,74.81,74.79,74.87,75.01,75.02,75.1,75.4,75.5,75.8,75.7,75.8,75.9,76.3,76.6,76.8,76.9,76.9,76.9,77.1,77.3,77.6,77.6,77.8,78.1,78.3,78.5,78.8,78.9,79.0,79.1,79.1,79.1,79.1
Uruguay,65.96,66.11,66.28,66.47,66.69,66.93,67.18,67.43,67.7,67.95,68.19,68.39,68.55,68.67,68.74,68.78,68.8,68.82,68.84,68.88,68.94,69.01,69.1,69.23,69.39,69.58,69.8,70.05,70.32,70.6,70.89,71.17,71.46,71.72,71.97,72.2,72.41,72.61,72.81,73.0,72.6,73.2,73.2,73.3,73.4,73.5,73.7,74.0,74.3,74.6,74.8,75.0,75.0,75.3,75.5,75.7,75.7,76.0,76.2,76.2,76.3,76.3,76.4,76.6,76.8,77.0
Uzbekistan,55.32,55.78,56.23,56.68,57.13,57.58,58.02,58.46,58.91,59.35,59.8,60.25,60.7,61.15,61.59,62.02,62.43,62.83,63.2,63.54,63.86,64.14,64.4,64.64,64.87,65.11,65.37,65.64,65.94,66.25,66.59,66.93,67.27,67.59,67.85,68.02,68.09,68.06,67.96,67.8,67.6,67.3,67.0,66.7,66.6,66.7,66.9,67.1,67.4,67.6,67.8,67.9,68.1,68.3,68.5,68.8,69.2,69.6,69.9,70.2,70.6,70.9,71.2,71.5,71.8,72.1
Vanuatu,40.79,41.36,41.94,42.51,43.09,43.67,44.24,44.82,45.4,45.97,46.55,47.14,47.71,48.29,48.87,49.44,50.01,50.56,51.12,51.67,52.21,52.77,53.33,53.89,54.46,55.05,55.64,56.24,56.83,57.41,57.97,58.5,58.98,59.44,59.87,60.27,60.67,61.07,61.48,61.9,62.0,62.1,62.2,62.2,62.3,62.4,61.2,62.5,62.0,62.5,62.5,62.5,62.5,62.6,62.7,62.9,63.2,63.4,63.6,63.9,64.1,64.4,64.6,64.7,64.9,65.1
Venezuela,54.64,55.24,55.84,56.43,57.03,57.64,58.25,58.86,59.47,60.08,60.69,61.3,61.91,62.51,63.09,63.66,64.22,64.77,65.3,65.8,66.27,66.72,67.14,67.53,67.9,68.23,68.52,68.79,69.04,69.3,69.57,69.85,70.17,70.53,70.89,71.27,71.63,71.95,72.24,72.5,72.4,72.4,72.5,72.4,72.7,73.1,73.6,73.6,70.2,73.8,73.8,73.8,73.5,74.3,74.6,74.5,74.4,74.2,74.4,74.9,74.8,74.6,74.7,74.8,74.8,74.8
Vietnam,51.98,52.81,53.6,54.36,55.11,55.83,56.52,57.19,57.86,58.52,59.17,59.82,60.42,60.95,61.32,61.36,61.06,60.45,59.63,58.78,58.17,58.0,58.35,59.23,60.54,62.07,63.58,64.86,65.84,66.49,66.86,67.1,67.3,67.51,67.77,68.07,68.38,68.68,69.0,69.3,69.6,69.8,70.1,70.3,70.6,70.9,71.1,71.5,71.7,72.0,72.2,72.5,72.8,73.0,73.3,73.5,73.8,74.1,74.3,74.5,74.7,74.9,75.0,75.2,75.4,75.6
Virgin Islands (U.S.),57.9,58.87,59.74,60.54,61.25,61.88,62.44,62.93,63.36,63.75,64.11,64.46,64.82,65.2,65.6,66.02,66.44,66.87,67.29,67.71,68.12,68.53,68.94,69.34,69.73,70.11,70.46,70.8,71.12,71.43,71.74,72.05,72.38,72.71,73.06,73.41,73.75,74.09,74.42,74.73,75.04,75.34,75.64,75.94,76.23,76.52,76.8,77.07,77.33,77.57,77.8,78.0,78.19,78.36,78.52,78.69,78.86,79.05,79.25,79.46,79.69,79.92,80.15,80.38,80.6,80.82
West Bank and Gaza,47.03,47.31,47.63,47.97,48.36,48.78,49.23,49.72,50.25,50.82,51.43,52.08,52.75,53.47,54.2,54.94,55.7,56.45,57.22,57.97,58.73,59.48,60.26,61.03,61.81,62.6,63.39,64.18,64.96,65.74,66.48,67.21,67.92,68.59,69.23,69.82,70.38,70.88,71.36,71.8,72.0,72.4,72.8,73.3,73.7,74.0,74.2,74.5,74.7,74.4,74.7,74.4,74.4,74.4,74.6,74.4,74.3,74.1,73.8,74.3,74.2,74.2,74.4,74.5,74.6,74.7
Western Sahara,34.95,35.33,35.72,36.1,36.48,36.86,37.24,37.62,37.99,38.37,38.75,39.12,39.5,39.88,40.26,40.62,40.97,41.32,41.67,42.07,42.52,43.07,43.7,44.43,45.23,46.11,47.01,47.92,48.82,49.72,50.61,51.5,52.4,53.3,54.17,54.99,55.74,56.43,57.04,57.59,58.09,58.56,59.03,59.51,60.0,60.51,61.04,61.57,62.11,62.64,63.15,63.65,64.13,64.58,65.01,65.41,65.79,66.16,66.51,66.84,67.17,67.47,67.76,68.04,68.3,68.56
Yemen,24.0,24.96,25.92,26.87,27.84,28.8,29.76,30.72,31.68,32.64,33.58,34.52,35.45,36.37,37.27,38.15,39.01,39.87,40.71,41.55,42.4,43.28,44.17,45.1,46.05,47.05,48.06,49.08,50.11,51.13,52.13,53.09,54.02,54.89,55.69,56.4,57.04,57.6,58.08,58.5,58.9,59.3,59.6,59.7,60.3,60.7,61.1,61.5,62.0,62.4,62.8,63.3,63.7,64.2,64.6,65.0,65.2,65.7,66.2,66.6,66.6,66.7,67.1,67.1,66.0,64.92
Zambia,43.22,43.79,44.38,44.95,45.53,46.1,46.67,47.24,47.79,48.34,48.89,49.42,49.94,50.44,50.96,51.49,52.05,52.64,53.25,53.88,54.51,55.13,55.71,56.24,56.7,57.07,57.36,57.57,57.66,57.62,57.45,57.14,56.71,56.17,55.54,54.85,54.09,53.33,52.59,51.9,50.7,49.6,48.6,47.7,46.9,46.3,45.9,45.4,45.0,44.8,44.9,45.1,45.3,46.3,47.1,47.9,49.0,51.1,52.3,53.1,53.7,54.7,55.6,56.3,56.7,57.1
Zimbabwe,48.75,49.25,49.75,50.25,50.73,51.22,51.71,52.17,52.64,53.11,53.55,53.99,54.42,54.83,55.25,55.65,56.04,56.43,56.83,57.22,57.63,58.05,58.47,58.92,59.41,59.94,60.53,61.17,61.82,62.48,63.13,63.73,64.23,64.63,64.86,64.9,64.74,64.39,63.81,63.0,62.7,61.4,59.8,58.2,56.0,54.4,52.8,50.9,49.3,47.9,47.0,45.9,45.3,44.7,45.1,45.5,46.4,47.3,48.0,49.1,51.6,54.2,55.7,57.0,59.3,61.69
